GENE PRODUCT DB	GENE PRODUCT ID	SYMBOL	QUALIFIER	GO TERM	GO NAME	ECO ID	GO EVIDENCE CODE	REFERENCE	WITH/FROM	TAXON ID	ASSIGNED BY	ANNOTATION EXTENSION	GO ASPECT
UniProtKB	A0A0K0LQK0	psbI	part_of	GO:0009523	photosystem II	ECO:0000256	IEA	GO_REF:0000002	InterPro:IPR003686	39947	InterPro		C
UniProtKB	A0A0K0LQK0	psbI	part_of	GO:0009523	photosystem II	ECO:0007322	IEA	GO_REF:0000043	UniProtKB-KW:KW-0604	39947	UniProt		C
UniProtKB	A0A0K0LQK0	psbI	part_of	GO:0009539	photosystem II reaction center	ECO:0000256	IEA	GO_REF:0000002	InterPro:IPR003686	39947	InterPro		C
UniProtKB	A0A0K0LQM5	psbJ	part_of	GO:0009523	photosystem II	ECO:0000256	IEA	GO_REF:0000002	InterPro:IPR002682	39947	InterPro		C
UniProtKB	A0A0K0LQM5	psbJ	part_of	GO:0009523	photosystem II	ECO:0007322	IEA	GO_REF:0000043	UniProtKB-KW:KW-0604	39947	UniProt		C
UniProtKB	A0A0K0LQM5	psbJ	part_of	GO:0009539	photosystem II reaction center	ECO:0000256	IEA	GO_REF:0000002	InterPro:IPR002682	39947	InterPro		C
UniProtKB	A0A0K0LQU5	OSJNBa0022A24.64	part_of	GO:0009523	photosystem II	ECO:0000256	IEA	GO_REF:0000002	InterPro:IPR003687	39947	InterPro		C
UniProtKB	A0A0K0LQU5	OSJNBa0022A24.64	part_of	GO:0009523	photosystem II	ECO:0007322	IEA	GO_REF:0000043	UniProtKB-KW:KW-0604	39947	UniProt		C
UniProtKB	A0A0K0LQU5	OSJNBa0022A24.64	part_of	GO:0009539	photosystem II reaction center	ECO:0000256	IEA	GO_REF:0000002	InterPro:IPR003687	39947	InterPro		C
UniProtKB	A0A0K0LQV1	Os04g0236400	part_of	GO:0009523	photosystem II	ECO:0007322	IEA	GO_REF:0000043	UniProtKB-KW:KW-0604	39947	UniProt		C
UniProtKB	A0A0K0LQW7	OSJNBa0068N01.5	part_of	GO:0009522	photosystem I	ECO:0007322	IEA	GO_REF:0000043	UniProtKB-KW:KW-0603	39947	UniProt		C
UniProtKB	A0A0K0LQY6	P0417D05.57	part_of	GO:0009522	photosystem I	ECO:0000256	IEA	GO_REF:0000002	InterPro:IPR002615|InterPro:IPR036062	39947	InterPro		C
UniProtKB	A0A0K0LQY6	P0417D05.57	part_of	GO:0009522	photosystem I	ECO:0007322	IEA	GO_REF:0000043	UniProtKB-KW:KW-0603	39947	UniProt		C
UniProtKB	A0A0K0LRA7	psbT	part_of	GO:0009523	photosystem II	ECO:0000256	IEA	GO_REF:0000002	InterPro:IPR001743	39947	InterPro		C
UniProtKB	A0A0K0LRA7	psbT	part_of	GO:0009523	photosystem II	ECO:0007322	IEA	GO_REF:0000043	UniProtKB-KW:KW-0604	39947	UniProt		C
UniProtKB	A0A0K0LRA7	psbT	part_of	GO:0009539	photosystem II reaction center	ECO:0000256	IEA	GO_REF:0000002	InterPro:IPR001743	39947	InterPro		C
UniProtKB	A0A0K0LRB6	B1065E10.7	part_of	GO:0009523	photosystem II	ECO:0000256	IEA	GO_REF:0000002	InterPro:IPR006216|InterPro:IPR006241	39947	InterPro		C
UniProtKB	A0A0K0LRB6	B1065E10.7	part_of	GO:0009523	photosystem II	ECO:0007322	IEA	GO_REF:0000043	UniProtKB-KW:KW-0604	39947	UniProt		C
UniProtKB	A0A0K0LRB6	B1065E10.7	part_of	GO:0009539	photosystem II reaction center	ECO:0000256	IEA	GO_REF:0000002	InterPro:IPR006216|InterPro:IPR006241	39947	InterPro		C
UniProtKB	A0A0N7KD11	Os01g0501800	part_of	GO:0009523	photosystem II	ECO:0007322	IEA	GO_REF:0000043	UniProtKB-KW:KW-0604	39947	UniProt		C
UniProtKB	A0A0N7KD11	Os01g0501800	part_of	GO:0009654	photosystem II oxygen evolving complex	ECO:0000256	IEA	GO_REF:0000002	InterPro:IPR002628	39947	InterPro		C
UniProtKB	A0A0N7KED0	Os01g0934400	part_of	GO:0009523	photosystem II	ECO:0000256	IEA	GO_REF:0000002	InterPro:IPR002683	39947	InterPro		C
UniProtKB	A0A0N7KED0	Os01g0934400	part_of	GO:0009654	photosystem II oxygen evolving complex	ECO:0000256	IEA	GO_REF:0000002	InterPro:IPR002683	39947	InterPro		C
UniProtKB	A0A0N7KG53	Os02g0764500	part_of	GO:0009522	photosystem I	ECO:0007322	IEA	GO_REF:0000043	UniProtKB-KW:KW-0603	39947	UniProt		C
UniProtKB	A0A0N7KG53	Os02g0764500	part_of	GO:0009523	photosystem II	ECO:0007322	IEA	GO_REF:0000043	UniProtKB-KW:KW-0604	39947	UniProt		C
UniProtKB	A0A0N7KH16	Os03g0279950	part_of	GO:0009523	photosystem II	ECO:0000256	IEA	GO_REF:0000002	InterPro:IPR002683	39947	InterPro		C
UniProtKB	A0A0N7KH16	Os03g0279950	part_of	GO:0009654	photosystem II oxygen evolving complex	ECO:0000256	IEA	GO_REF:0000002	InterPro:IPR002683	39947	InterPro		C
UniProtKB	A0A0N7KJ79	Os04g0473150	part_of	GO:0009523	photosystem II	ECO:0007322	IEA	GO_REF:0000043	UniProtKB-KW:KW-0604	39947	UniProt		C
UniProtKB	A0A0N7KJ79	Os04g0473150	part_of	GO:0009523	photosystem II	ECO:0000318	IBA	PMID:21873635	PANTHER:PTN002108145|UniProtKB:P09192	39947	GO_Central		C
UniProtKB	A0A0P0V4X0	Os01g0600900	part_of	GO:0009522	photosystem I	ECO:0007322	IEA	GO_REF:0000043	UniProtKB-KW:KW-0603	39947	UniProt		C
UniProtKB	A0A0P0V4X0	Os01g0600900	part_of	GO:0009523	photosystem II	ECO:0007322	IEA	GO_REF:0000043	UniProtKB-KW:KW-0604	39947	UniProt		C
UniProtKB	A0A0P0V9E9	Os01g0805300	part_of	GO:0009523	photosystem II	ECO:0000256	IEA	GO_REF:0000002	InterPro:IPR002683	39947	InterPro		C
UniProtKB	A0A0P0V9E9	Os01g0805300	part_of	GO:0009654	photosystem II oxygen evolving complex	ECO:0000256	IEA	GO_REF:0000002	InterPro:IPR002683	39947	InterPro		C
UniProtKB	A0A0P0VXD4	Os03g0343900	part_of	GO:0009523	photosystem II	ECO:0000256	IEA	GO_REF:0000002	InterPro:IPR009518	39947	InterPro		C
UniProtKB	A0A0P0VXD4	Os03g0343900	part_of	GO:0009523	photosystem II	ECO:0007322	IEA	GO_REF:0000043	UniProtKB-KW:KW-0604	39947	UniProt		C
UniProtKB	A0A0P0W0H3	Os03g0592500	part_of	GO:0009522	photosystem I	ECO:0007322	IEA	GO_REF:0000043	UniProtKB-KW:KW-0603	39947	UniProt		C
UniProtKB	A0A0P0W0H3	Os03g0592500	part_of	GO:0009523	photosystem II	ECO:0007322	IEA	GO_REF:0000043	UniProtKB-KW:KW-0604	39947	UniProt		C
UniProtKB	A0A0P0W2N9	Os03g0731100	part_of	GO:0009522	photosystem I	ECO:0000256	IEA	GO_REF:0000002	InterPro:IPR008796	39947	InterPro		C
UniProtKB	A0A0P0W3Y7	OSJNBa0010I09.4	part_of	GO:0009522	photosystem I	ECO:0000256	IEA	GO_REF:0000002	InterPro:IPR003666|InterPro:IPR036577	39947	InterPro		C
UniProtKB	A0A0P0W3Y7	OSJNBa0010I09.4	part_of	GO:0009522	photosystem I	ECO:0007322	IEA	GO_REF:0000043	UniProtKB-KW:KW-0603	39947	UniProt		C
UniProtKB	A0A0P0W3Y7	OSJNBa0010I09.4	part_of	GO:0009538	photosystem I reaction center	ECO:0000256	IEA	GO_REF:0000002	InterPro:IPR003666|InterPro:IPR036577	39947	InterPro		C
UniProtKB	A0A0P0W3Y7	OSJNBa0010I09.4	part_of	GO:0009538	photosystem I reaction center	ECO:0000256	IEA	GO_REF:0000104	UniRule:UR001591760	39947	UniProt		C
UniProtKB	A0A0P0W433	Os03g0778100	part_of	GO:0009522	photosystem I	ECO:0000256	IEA	GO_REF:0000002	InterPro:IPR003666|InterPro:IPR036577	39947	InterPro		C
UniProtKB	A0A0P0W433	Os03g0778100	part_of	GO:0009522	photosystem I	ECO:0007322	IEA	GO_REF:0000043	UniProtKB-KW:KW-0603	39947	UniProt		C
UniProtKB	A0A0P0W433	Os03g0778100	part_of	GO:0009538	photosystem I reaction center	ECO:0000256	IEA	GO_REF:0000002	InterPro:IPR003666|InterPro:IPR036577	39947	InterPro		C
UniProtKB	A0A0P0W433	Os03g0778100	part_of	GO:0009538	photosystem I reaction center	ECO:0000256	IEA	GO_REF:0000104	UniRule:UR001591760	39947	UniProt		C
UniProtKB	A0A0P0WAQ1	Os04g0434900	part_of	GO:0009523	photosystem II	ECO:0000256	IEA	GO_REF:0000002	InterPro:IPR002683	39947	InterPro		C
UniProtKB	A0A0P0WAQ1	Os04g0434900	part_of	GO:0009654	photosystem II oxygen evolving complex	ECO:0000256	IEA	GO_REF:0000002	InterPro:IPR002683	39947	InterPro		C
UniProtKB	A0A0P0WCI9	Os04g0519975	part_of	GO:0009522	photosystem I	ECO:0000256	IEA	GO_REF:0000002	InterPro:IPR002615|InterPro:IPR036062	39947	InterPro		C
UniProtKB	A0A0P0WCI9	Os04g0519975	part_of	GO:0009522	photosystem I	ECO:0007322	IEA	GO_REF:0000043	UniProtKB-KW:KW-0603	39947	UniProt		C
UniProtKB	A0A0P0WKP3	Os05g0313100	part_of	GO:0009523	photosystem II	ECO:0000256	IEA	GO_REF:0000002	InterPro:IPR008797	39947	InterPro		C
UniProtKB	A0A0P0WKP3	Os05g0313100	part_of	GO:0009654	photosystem II oxygen evolving complex	ECO:0000256	IEA	GO_REF:0000002	InterPro:IPR008797	39947	InterPro		C
UniProtKB	A0A0P0X1D1	Os06g0729650	part_of	GO:0009523	photosystem II	ECO:0007322	IEA	GO_REF:0000043	UniProtKB-KW:KW-0604	39947	UniProt		C
UniProtKB	A0A0P0X4M5	Os07g0275100	part_of	GO:0009523	photosystem II	ECO:0000256	IEA	GO_REF:0000002	InterPro:IPR002683	39947	InterPro		C
UniProtKB	A0A0P0X4M5	Os07g0275100	part_of	GO:0009654	photosystem II oxygen evolving complex	ECO:0000256	IEA	GO_REF:0000002	InterPro:IPR002683	39947	InterPro		C
UniProtKB	A0A0P0X511	Os07g0275801	part_of	GO:0009523	photosystem II	ECO:0000256	IEA	GO_REF:0000002	InterPro:IPR002683	39947	InterPro		C
UniProtKB	A0A0P0X511	Os07g0275801	part_of	GO:0009654	photosystem II oxygen evolving complex	ECO:0000256	IEA	GO_REF:0000002	InterPro:IPR002683	39947	InterPro		C
UniProtKB	A0A0P0X592	Os07g0435300	part_of	GO:0009522	photosystem I	ECO:0000256	IEA	GO_REF:0000002	InterPro:IPR003375	39947	InterPro		C
UniProtKB	A0A0P0X592	Os07g0435300	part_of	GO:0009522	photosystem I	ECO:0007322	IEA	GO_REF:0000043	UniProtKB-KW:KW-0603	39947	UniProt		C
UniProtKB	A0A0P0X592	Os07g0435300	part_of	GO:0009538	photosystem I reaction center	ECO:0000256	IEA	GO_REF:0000002	InterPro:IPR003375	39947	InterPro		C
UniProtKB	A0A0P0X5G9	Os07g0275901	part_of	GO:0009523	photosystem II	ECO:0000256	IEA	GO_REF:0000002	InterPro:IPR002683	39947	InterPro		C
UniProtKB	A0A0P0X5G9	Os07g0275901	part_of	GO:0009654	photosystem II oxygen evolving complex	ECO:0000256	IEA	GO_REF:0000002	InterPro:IPR002683	39947	InterPro		C
UniProtKB	A0A0P0XB07	OJ1005_B05.27	part_of	GO:0009523	photosystem II	ECO:0000256	IEA	GO_REF:0000002	InterPro:IPR009388|InterPro:IPR038760	39947	InterPro		C
UniProtKB	A0A0P0XB07	OJ1005_B05.27	part_of	GO:0009523	photosystem II	ECO:0007322	IEA	GO_REF:0000043	UniProtKB-KW:KW-0604	39947	UniProt		C
UniProtKB	A0A0P0XF80	Os08g0347500	part_of	GO:0009523	photosystem II	ECO:0000256	IEA	GO_REF:0000002	InterPro:IPR002683	39947	InterPro		C
UniProtKB	A0A0P0XF80	Os08g0347500	part_of	GO:0009654	photosystem II oxygen evolving complex	ECO:0000256	IEA	GO_REF:0000002	InterPro:IPR002683	39947	InterPro		C
UniProtKB	A0A0P0XG42	Os08g0433350	part_of	GO:0009523	photosystem II	ECO:0000256	IEA	GO_REF:0000002	InterPro:IPR003686	39947	InterPro		C
UniProtKB	A0A0P0XG42	Os08g0433350	part_of	GO:0009523	photosystem II	ECO:0007322	IEA	GO_REF:0000043	UniProtKB-KW:KW-0604	39947	UniProt		C
UniProtKB	A0A0P0XG42	Os08g0433350	part_of	GO:0009539	photosystem II reaction center	ECO:0000256	IEA	GO_REF:0000002	InterPro:IPR003686	39947	InterPro		C
UniProtKB	A0A0P0XHJ3	Os08g0512500	part_of	GO:0009523	photosystem II	ECO:0000256	IEA	GO_REF:0000002	InterPro:IPR002683	39947	InterPro		C
UniProtKB	A0A0P0XHJ3	Os08g0512500	part_of	GO:0009654	photosystem II oxygen evolving complex	ECO:0000256	IEA	GO_REF:0000002	InterPro:IPR002683	39947	InterPro		C
UniProtKB	A0A0P0XIC1	Os08g0560900	part_of	GO:0009522	photosystem I	ECO:0000256	IEA	GO_REF:0000002	InterPro:IPR003685|InterPro:IPR036579	39947	InterPro		C
UniProtKB	A0A0P0XIC1	Os08g0560900	part_of	GO:0009522	photosystem I	ECO:0007322	IEA	GO_REF:0000043	UniProtKB-KW:KW-0603	39947	UniProt		C
UniProtKB	A0A0P0XIC1	Os08g0560900	part_of	GO:0009538	photosystem I reaction center	ECO:0000256	IEA	GO_REF:0000002	InterPro:IPR003685|InterPro:IPR036579	39947	InterPro		C
UniProtKB	A0A0P0XIC1	Os08g0560900	part_of	GO:0009538	photosystem I reaction center	ECO:0000256	IEA	GO_REF:0000104	UniRule:UR001591757	39947	UniProt		C
UniProtKB	A0A0P0XJ07	OJ1125_C01.13-1	part_of	GO:0009523	photosystem II	ECO:0007322	IEA	GO_REF:0000043	UniProtKB-KW:KW-0604	39947	UniProt		C
UniProtKB	A0A0P0XKP6	Os09g0296800	part_of	GO:0009522	photosystem I	ECO:0007322	IEA	GO_REF:0000043	UniProtKB-KW:KW-0603	39947	UniProt		C
UniProtKB	A0A0P0XKP6	Os09g0296800	part_of	GO:0009523	photosystem II	ECO:0007322	IEA	GO_REF:0000043	UniProtKB-KW:KW-0604	39947	UniProt		C
UniProtKB	A0A0P0XNM8	Os09g0481200	part_of	GO:0009522	photosystem I	ECO:0000256	IEA	GO_REF:0000002	InterPro:IPR000549|InterPro:IPR017494|InterPro:IPR023618	39947	InterPro		C
UniProtKB	A0A0P0XNM8	Os09g0481200	part_of	GO:0009522	photosystem I	ECO:0007322	IEA	GO_REF:0000043	UniProtKB-KW:KW-0603	39947	UniProt		C
UniProtKB	A0A0P0XPX5	Os09g0485201	part_of	GO:0009522	photosystem I	ECO:0000256	IEA	GO_REF:0000002	InterPro:IPR017491	39947	InterPro		C
UniProtKB	A0A0P0XPX5	Os09g0485201	part_of	GO:0009522	photosystem I	ECO:0007322	IEA	GO_REF:0000043	UniProtKB-KW:KW-0603	39947	UniProt		C
UniProtKB	A0A0P0XUY5	Os10g0461100	part_of	GO:0009523	photosystem II	ECO:0000256	IEA	GO_REF:0000002	InterPro:IPR002683	39947	InterPro		C
UniProtKB	A0A0P0XUY5	Os10g0461100	part_of	GO:0009654	photosystem II oxygen evolving complex	ECO:0000256	IEA	GO_REF:0000002	InterPro:IPR002683	39947	InterPro		C
UniProtKB	A0A0P0YAE3	Os12g0504050	part_of	GO:0009523	photosystem II	ECO:0000256	IEA	GO_REF:0000002	InterPro:IPR002644|InterPro:IPR036512	39947	InterPro		C
UniProtKB	A0A0P0YAE3	Os12g0504050	part_of	GO:0009523	photosystem II	ECO:0007322	IEA	GO_REF:0000043	UniProtKB-KW:KW-0604	39947	UniProt		C
UniProtKB	A0A0P0YAE3	Os12g0504050	part_of	GO:0009539	photosystem II reaction center	ECO:0000256	IEA	GO_REF:0000002	InterPro:IPR002644|InterPro:IPR036512	39947	InterPro		C
UniProtKB	A0A0P0YBC5	Os12g0564400	part_of	GO:0009523	photosystem II	ECO:0000256	IEA	GO_REF:0000002	InterPro:IPR002683	39947	InterPro		C
UniProtKB	A0A0P0YBC5	Os12g0564400	part_of	GO:0009654	photosystem II oxygen evolving complex	ECO:0000256	IEA	GO_REF:0000002	InterPro:IPR002683	39947	InterPro		C
UniProtKB	A0A5S6RC55	Os04g0523000	part_of	GO:0009523	photosystem II	ECO:0000256	IEA	GO_REF:0000002	InterPro:IPR008797	39947	InterPro		C
UniProtKB	A0A5S6RC55	Os04g0523000	part_of	GO:0009654	photosystem II oxygen evolving complex	ECO:0000256	IEA	GO_REF:0000002	InterPro:IPR008797	39947	InterPro		C
UniProtKB	A0A8J8XYX6	OsJ_23089	part_of	GO:0009523	photosystem II	ECO:0000256	IEA	GO_REF:0000002	InterPro:IPR006814	39947	InterPro		C
UniProtKB	A0A8J8XYX6	OsJ_23089	part_of	GO:0009654	photosystem II oxygen evolving complex	ECO:0000256	IEA	GO_REF:0000002	InterPro:IPR006814	39947	InterPro		C
UniProtKB	A0A8J8YC10	Os01g0720500	part_of	GO:0009522	photosystem I	ECO:0007322	IEA	GO_REF:0000043	UniProtKB-KW:KW-0603	39947	UniProt		C
UniProtKB	A0A8J8YC10	Os01g0720500	part_of	GO:0009523	photosystem II	ECO:0007322	IEA	GO_REF:0000043	UniProtKB-KW:KW-0604	39947	UniProt		C
UniProtKB	A0A979HJL7	OSJNBa0079G12.22	part_of	GO:0009522	photosystem I	ECO:0000256	IEA	GO_REF:0000002	InterPro:IPR008796	39947	InterPro		C
UniProtKB	A3A196	OsJ_04669	part_of	GO:0009523	photosystem II	ECO:0000256	IEA	GO_REF:0000002	InterPro:IPR002683	39947	InterPro		C
UniProtKB	A3A196	OsJ_04669	part_of	GO:0009654	photosystem II oxygen evolving complex	ECO:0000256	IEA	GO_REF:0000002	InterPro:IPR002683	39947	InterPro		C
UniProtKB	A3A460	P0026H03.3-1	part_of	GO:0009522	photosystem I	ECO:0007322	IEA	GO_REF:0000043	UniProtKB-KW:KW-0603	39947	UniProt		C
UniProtKB	A3A460	P0026H03.3-1	part_of	GO:0009523	photosystem II	ECO:0007322	IEA	GO_REF:0000043	UniProtKB-KW:KW-0604	39947	UniProt		C
UniProtKB	A3A8B8	OsJ_07256	part_of	GO:0009523	photosystem II	ECO:0000256	IEA	GO_REF:0000002	InterPro:IPR008797	39947	InterPro		C
UniProtKB	A3A8B8	OsJ_07256	part_of	GO:0009654	photosystem II oxygen evolving complex	ECO:0000256	IEA	GO_REF:0000002	InterPro:IPR008797	39947	InterPro		C
UniProtKB	A3A9A6	Os02g0631100	part_of	GO:0009523	photosystem II	ECO:0000256	IEA	GO_REF:0000002	InterPro:IPR008797	39947	InterPro		C
UniProtKB	A3A9A6	Os02g0631100	part_of	GO:0009654	photosystem II oxygen evolving complex	ECO:0000256	IEA	GO_REF:0000002	InterPro:IPR008797	39947	InterPro		C
UniProtKB	A3AHM7	Os03g0333400	part_of	GO:0009523	photosystem II	ECO:0000256	IEA	GO_REF:0000002	InterPro:IPR025585	39947	InterPro		C
UniProtKB	A3AHU2	OsJ_10805	part_of	GO:0009523	photosystem II	ECO:0000256	IEA	GO_REF:0000002	InterPro:IPR009518	39947	InterPro		C
UniProtKB	A3AHU2	OsJ_10805	part_of	GO:0009523	photosystem II	ECO:0007322	IEA	GO_REF:0000043	UniProtKB-KW:KW-0604	39947	UniProt		C
UniProtKB	A3AUG3	OsJ_15029	part_of	GO:0009522	photosystem I	ECO:0007322	IEA	GO_REF:0000043	UniProtKB-KW:KW-0603	39947	UniProt		C
UniProtKB	A3AUG3	OsJ_15029	part_of	GO:0009523	photosystem II	ECO:0007322	IEA	GO_REF:0000043	UniProtKB-KW:KW-0604	39947	UniProt		C
UniProtKB	A3AVN8	OsJ_15504	part_of	GO:0009523	photosystem II	ECO:0000256	IEA	GO_REF:0000002	InterPro:IPR008797	39947	InterPro		C
UniProtKB	A3AVN8	OsJ_15504	part_of	GO:0009654	photosystem II oxygen evolving complex	ECO:0000256	IEA	GO_REF:0000002	InterPro:IPR008797	39947	InterPro		C
UniProtKB	A3BFS9	OsJ_22796	part_of	GO:0009523	photosystem II	ECO:0000256	IEA	GO_REF:0000002	InterPro:IPR008797	39947	InterPro		C
UniProtKB	A3BFS9	OsJ_22796	part_of	GO:0009654	photosystem II oxygen evolving complex	ECO:0000256	IEA	GO_REF:0000002	InterPro:IPR008797	39947	InterPro		C
UniProtKB	A3BGG7	OJ1351_C05.112	part_of	GO:0009523	photosystem II	ECO:0000256	IEA	GO_REF:0000002	InterPro:IPR002683	39947	InterPro		C
UniProtKB	A3BGG7	OJ1351_C05.112	part_of	GO:0009523	photosystem II	ECO:0007322	IEA	GO_REF:0000043	UniProtKB-KW:KW-0604	39947	UniProt		C
UniProtKB	A3BGG7	OJ1351_C05.112	part_of	GO:0009654	photosystem II oxygen evolving complex	ECO:0000256	IEA	GO_REF:0000002	InterPro:IPR002683	39947	InterPro		C
UniProtKB	A3BIK7	OsJ_23828	part_of	GO:0009523	photosystem II	ECO:0000256	IEA	GO_REF:0000002	InterPro:IPR002683	39947	InterPro		C
UniProtKB	A3BIK7	OsJ_23828	part_of	GO:0009654	photosystem II oxygen evolving complex	ECO:0000256	IEA	GO_REF:0000002	InterPro:IPR002683	39947	InterPro		C
UniProtKB	A3BKU8	OsJ_24632	part_of	GO:0009523	photosystem II	ECO:0000256	IEA	GO_REF:0000002	InterPro:IPR008797	39947	InterPro		C
UniProtKB	A3BKU8	OsJ_24632	part_of	GO:0009523	photosystem II	ECO:0007322	IEA	GO_REF:0000043	UniProtKB-KW:KW-0604	39947	UniProt		C
UniProtKB	A3BKU8	OsJ_24632	part_of	GO:0009654	photosystem II oxygen evolving complex	ECO:0000256	IEA	GO_REF:0000002	InterPro:IPR008797	39947	InterPro		C
UniProtKB	A3BL40	OsJ_24721	part_of	GO:0009522	photosystem I	ECO:0007322	IEA	GO_REF:0000043	UniProtKB-KW:KW-0603	39947	UniProt		C
UniProtKB	A3BL40	OsJ_24721	part_of	GO:0009523	photosystem II	ECO:0007322	IEA	GO_REF:0000043	UniProtKB-KW:KW-0604	39947	UniProt		C
UniProtKB	A3BL59	Os07g0562700	part_of	GO:0009522	photosystem I	ECO:0007322	IEA	GO_REF:0000043	UniProtKB-KW:KW-0603	39947	UniProt		C
UniProtKB	A3BL59	Os07g0562700	part_of	GO:0009523	photosystem II	ECO:0007322	IEA	GO_REF:0000043	UniProtKB-KW:KW-0604	39947	UniProt		C
UniProtKB	A3BTG2	Os08g0435900	part_of	GO:0009522	photosystem I	ECO:0007322	IEA	GO_REF:0000043	UniProtKB-KW:KW-0603	39947	UniProt		C
UniProtKB	A3BTG2	Os08g0435900	part_of	GO:0009523	photosystem II	ECO:0007322	IEA	GO_REF:0000043	UniProtKB-KW:KW-0604	39947	UniProt		C
UniProtKB	A3BVM0	OsJ_28231	part_of	GO:0009523	photosystem II	ECO:0007322	IEA	GO_REF:0000043	UniProtKB-KW:KW-0604	39947	UniProt		C
UniProtKB	A3BVS4	Os08g0560900	part_of	GO:0009522	photosystem I	ECO:0000256	IEA	GO_REF:0000002	InterPro:IPR003685|InterPro:IPR036579	39947	InterPro		C
UniProtKB	A3BVS4	Os08g0560900	part_of	GO:0009522	photosystem I	ECO:0007322	IEA	GO_REF:0000043	UniProtKB-KW:KW-0603	39947	UniProt		C
UniProtKB	A3BVS4	Os08g0560900	part_of	GO:0009538	photosystem I reaction center	ECO:0000256	IEA	GO_REF:0000002	InterPro:IPR003685|InterPro:IPR036579	39947	InterPro		C
UniProtKB	A3BVS4	Os08g0560900	part_of	GO:0009538	photosystem I reaction center	ECO:0000256	IEA	GO_REF:0000104	UniRule:UR001591757	39947	UniProt		C
UniProtKB	A3BX30	OsJ_28744	part_of	GO:0009522	photosystem I	ECO:0007322	IEA	GO_REF:0000043	UniProtKB-KW:KW-0603	39947	UniProt		C
UniProtKB	A3BX30	OsJ_28744	part_of	GO:0009523	photosystem II	ECO:0007322	IEA	GO_REF:0000043	UniProtKB-KW:KW-0604	39947	UniProt		C
UniProtKB	A3BZ84	OsJ_29513	part_of	GO:0009522	photosystem I	ECO:0007322	IEA	GO_REF:0000043	UniProtKB-KW:KW-0603	39947	UniProt		C
UniProtKB	A3BZ84	OsJ_29513	part_of	GO:0009523	photosystem II	ECO:0007322	IEA	GO_REF:0000043	UniProtKB-KW:KW-0604	39947	UniProt		C
UniProtKB	A3C5H2	OsJ_31797	part_of	GO:0009523	photosystem II	ECO:0000256	IEA	GO_REF:0000002	InterPro:IPR002683	39947	InterPro		C
UniProtKB	A3C5H2	OsJ_31797	part_of	GO:0009654	photosystem II oxygen evolving complex	ECO:0000256	IEA	GO_REF:0000002	InterPro:IPR002683	39947	InterPro		C
UniProtKB	A3CA44	LOC_Os11g13890	part_of	GO:0009522	photosystem I	ECO:0007322	IEA	GO_REF:0000043	UniProtKB-KW:KW-0603	39947	UniProt		C
UniProtKB	A3CA44	LOC_Os11g13890	part_of	GO:0009523	photosystem II	ECO:0007322	IEA	GO_REF:0000043	UniProtKB-KW:KW-0604	39947	UniProt		C
UniProtKB	A3CFM0	OsJ_35469	part_of	GO:0009522	photosystem I	ECO:0000256	IEA	GO_REF:0000002	InterPro:IPR008796	39947	InterPro		C
UniProtKB	A3CIH3	OsJ_36525	part_of	GO:0009523	photosystem II	ECO:0000256	IEA	GO_REF:0000002	InterPro:IPR002683	39947	InterPro		C
UniProtKB	A3CIH3	OsJ_36525	part_of	GO:0009654	photosystem II oxygen evolving complex	ECO:0000256	IEA	GO_REF:0000002	InterPro:IPR002683	39947	InterPro		C
UniProtKB	B0FFP0	B0FFP0	part_of	GO:0009523	photosystem II	ECO:0000256	IEA	GO_REF:0000002	InterPro:IPR002683	39947	InterPro		C
UniProtKB	B0FFP0	B0FFP0	part_of	GO:0009523	photosystem II	ECO:0007322	IEA	GO_REF:0000043	UniProtKB-KW:KW-0604	39947	UniProt		C
UniProtKB	B0FFP0	B0FFP0	part_of	GO:0009654	photosystem II oxygen evolving complex	ECO:0000256	IEA	GO_REF:0000002	InterPro:IPR002683	39947	InterPro		C
UniProtKB	B7EX82	B7EX82	part_of	GO:0009522	photosystem I	ECO:0007322	IEA	GO_REF:0000043	UniProtKB-KW:KW-0603	39947	UniProt		C
UniProtKB	B7EX82	B7EX82	part_of	GO:0009523	photosystem II	ECO:0007322	IEA	GO_REF:0000043	UniProtKB-KW:KW-0604	39947	UniProt		C
UniProtKB	B9ET99	OsJ_03635	part_of	GO:0009523	photosystem II	ECO:0000256	IEA	GO_REF:0000002	InterPro:IPR009806	39947	InterPro		C
UniProtKB	B9EXX3	OsJ_02493	part_of	GO:0009522	photosystem I	ECO:0007322	IEA	GO_REF:0000043	UniProtKB-KW:KW-0603	39947	UniProt		C
UniProtKB	B9EXX3	OsJ_02493	part_of	GO:0009523	photosystem II	ECO:0007322	IEA	GO_REF:0000043	UniProtKB-KW:KW-0604	39947	UniProt		C
UniProtKB	B9F350	Os02g0764500	part_of	GO:0009522	photosystem I	ECO:0007322	IEA	GO_REF:0000043	UniProtKB-KW:KW-0603	39947	UniProt		C
UniProtKB	B9F350	Os02g0764500	part_of	GO:0009523	photosystem II	ECO:0007322	IEA	GO_REF:0000043	UniProtKB-KW:KW-0604	39947	UniProt		C
UniProtKB	B9F350	Os02g0764500	part_of	GO:0009782	photosystem I antenna complex	ECO:0000265	IEA	GO_REF:0000107	UniProtKB:Q9C639|araport11:AT1G45474.2	39947	EnsemblPlants		C
UniProtKB	B9F7D0	Os03g0279950	part_of	GO:0009523	photosystem II	ECO:0000256	IEA	GO_REF:0000002	InterPro:IPR002683	39947	InterPro		C
UniProtKB	B9F7D0	Os03g0279950	part_of	GO:0009654	photosystem II oxygen evolving complex	ECO:0000256	IEA	GO_REF:0000002	InterPro:IPR002683	39947	InterPro		C
UniProtKB	B9FBT4	OsJ_12563	part_of	GO:0009523	photosystem II	ECO:0000256	IEA	GO_REF:0000002	InterPro:IPR025585	39947	InterPro		C
UniProtKB	B9FFA5	OsJ_14880	part_of	GO:0009523	photosystem II	ECO:0000256	IEA	GO_REF:0000002	InterPro:IPR002683	39947	InterPro		C
UniProtKB	B9FFA5	OsJ_14880	part_of	GO:0009654	photosystem II oxygen evolving complex	ECO:0000256	IEA	GO_REF:0000002	InterPro:IPR002683	39947	InterPro		C
UniProtKB	B9FG76	Os04g0522800	part_of	GO:0009523	photosystem II	ECO:0000256	IEA	GO_REF:0000002	InterPro:IPR008797	39947	InterPro		C
UniProtKB	B9FG76	Os04g0522800	part_of	GO:0009654	photosystem II oxygen evolving complex	ECO:0000256	IEA	GO_REF:0000002	InterPro:IPR008797	39947	InterPro		C
UniProtKB	B9FR06	OsJ_22738	part_of	GO:0009523	photosystem II	ECO:0007322	IEA	GO_REF:0000043	UniProtKB-KW:KW-0604	39947	UniProt		C
UniProtKB	B9FUU6	OsJ_25545	part_of	GO:0009523	photosystem II	ECO:0000256	IEA	GO_REF:0000002	InterPro:IPR009518	39947	InterPro		C
UniProtKB	B9FUU6	OsJ_25545	part_of	GO:0009523	photosystem II	ECO:0007322	IEA	GO_REF:0000043	UniProtKB-KW:KW-0604	39947	UniProt		C
UniProtKB	B9FVH8	OsJ_23088	part_of	GO:0009523	photosystem II	ECO:0000256	IEA	GO_REF:0000002	InterPro:IPR006814	39947	InterPro		C
UniProtKB	B9FVH8	OsJ_23088	part_of	GO:0009654	photosystem II oxygen evolving complex	ECO:0000256	IEA	GO_REF:0000002	InterPro:IPR006814	39947	InterPro		C
UniProtKB	B9FVH9	Os07g0147550	part_of	GO:0009523	photosystem II	ECO:0000256	IEA	GO_REF:0000002	InterPro:IPR006814	39947	InterPro		C
UniProtKB	B9FVH9	Os07g0147550	part_of	GO:0009654	photosystem II oxygen evolving complex	ECO:0000256	IEA	GO_REF:0000002	InterPro:IPR006814	39947	InterPro		C
UniProtKB	B9FYT6	OsJ_25851	part_of	GO:0009523	photosystem II	ECO:0000256	IEA	GO_REF:0000002	InterPro:IPR009388|InterPro:IPR038760	39947	InterPro		C
UniProtKB	B9FYT6	OsJ_25851	part_of	GO:0009523	photosystem II	ECO:0007322	IEA	GO_REF:0000043	UniProtKB-KW:KW-0604	39947	UniProt		C
UniProtKB	B9FZJ0	OsJ_26372	part_of	GO:0009523	photosystem II	ECO:0000256	IEA	GO_REF:0000002	InterPro:IPR006814	39947	InterPro		C
UniProtKB	B9FZJ0	OsJ_26372	part_of	GO:0009654	photosystem II oxygen evolving complex	ECO:0000256	IEA	GO_REF:0000002	InterPro:IPR006814	39947	InterPro		C
UniProtKB	B9G0H5	OsJ_27001	part_of	GO:0009523	photosystem II	ECO:0000256	IEA	GO_REF:0000002	InterPro:IPR002683	39947	InterPro		C
UniProtKB	B9G0H5	OsJ_27001	part_of	GO:0009654	photosystem II oxygen evolving complex	ECO:0000256	IEA	GO_REF:0000002	InterPro:IPR002683	39947	InterPro		C
UniProtKB	B9G329	OsJ_28989	part_of	GO:0009522	photosystem I	ECO:0007322	IEA	GO_REF:0000043	UniProtKB-KW:KW-0603	39947	UniProt		C
UniProtKB	B9G329	OsJ_28989	part_of	GO:0009523	photosystem II	ECO:0007322	IEA	GO_REF:0000043	UniProtKB-KW:KW-0604	39947	UniProt		C
UniProtKB	B9GC84	OsJ_35474	part_of	GO:0009523	photosystem II	ECO:0000256	IEA	GO_REF:0000002	InterPro:IPR002683	39947	InterPro		C
UniProtKB	B9GC84	OsJ_35474	part_of	GO:0009654	photosystem II oxygen evolving complex	ECO:0000256	IEA	GO_REF:0000002	InterPro:IPR002683	39947	InterPro		C
UniProtKB	C5MRM9	psbA	part_of	GO:0009523	photosystem II	ECO:0007322	IEA	GO_REF:0000043	UniProtKB-KW:KW-0604	39947	UniProt		C
UniProtKB	C7IWD0	Os01g0791600	part_of	GO:0009521	photosystem	ECO:0000256	IEA	GO_REF:0000002	InterPro:IPR036001	39947	InterPro		C
UniProtKB	C7IWD0	Os01g0791600	part_of	GO:0009523	photosystem II	ECO:0007322	IEA	GO_REF:0000043	UniProtKB-KW:KW-0604	39947	UniProt		C
UniProtKB	C7IXC6	Os01g0790950	part_of	GO:0009522	photosystem I	ECO:0007322	IEA	GO_REF:0000043	UniProtKB-KW:KW-0603	39947	UniProt		C
UniProtKB	C7J1G8	Os04g0238700	part_of	GO:0009523	photosystem II	ECO:0000256	IEA	GO_REF:0000002	InterPro:IPR001056|InterPro:IPR036863	39947	InterPro		C
UniProtKB	C7J1G8	Os04g0238700	part_of	GO:0009523	photosystem II	ECO:0007322	IEA	GO_REF:0000043	UniProtKB-KW:KW-0604	39947	UniProt		C
UniProtKB	C7J2M6	Os05g0242166	part_of	GO:0009522	photosystem I	ECO:0000256	IEA	GO_REF:0000002	InterPro:IPR008796	39947	InterPro		C
UniProtKB	D0EKM5	psbB	part_of	GO:0009521	photosystem	ECO:0000256	IEA	GO_REF:0000002	InterPro:IPR000932|InterPro:IPR036001	39947	InterPro		C
UniProtKB	D0EKM5	psbB	part_of	GO:0009523	photosystem II	ECO:0000256	IEA	GO_REF:0000002	InterPro:IPR017486	39947	InterPro		C
UniProtKB	D0EKM5	psbB	part_of	GO:0009523	photosystem II	ECO:0007322	IEA	GO_REF:0000043	UniProtKB-KW:KW-0604	39947	UniProt		C
UniProtKB	E9KIM6	psbK	part_of	GO:0009523	photosystem II	ECO:0000256	IEA	GO_REF:0000002	InterPro:IPR003687	39947	InterPro		C
UniProtKB	E9KIM6	psbK	part_of	GO:0009523	photosystem II	ECO:0007322	IEA	GO_REF:0000043	UniProtKB-KW:KW-0604	39947	UniProt		C
UniProtKB	E9KIM6	psbK	part_of	GO:0009539	photosystem II reaction center	ECO:0000256	IEA	GO_REF:0000002	InterPro:IPR003687	39947	InterPro		C
UniProtKB	E9KIM7	psbI	part_of	GO:0009523	photosystem II	ECO:0000256	IEA	GO_REF:0000002	InterPro:IPR003686	39947	InterPro		C
UniProtKB	E9KIM7	psbI	part_of	GO:0009523	photosystem II	ECO:0007322	IEA	GO_REF:0000043	UniProtKB-KW:KW-0604	39947	UniProt		C
UniProtKB	E9KIM7	psbI	part_of	GO:0009539	photosystem II reaction center	ECO:0000256	IEA	GO_REF:0000002	InterPro:IPR003686	39947	InterPro		C
UniProtKB	E9KIM8	psbD	part_of	GO:0009523	photosystem II	ECO:0000256	IEA	GO_REF:0000002	InterPro:IPR005868	39947	InterPro		C
UniProtKB	E9KIM8	psbD	part_of	GO:0009523	photosystem II	ECO:0007322	IEA	GO_REF:0000043	UniProtKB-KW:KW-0604	39947	UniProt		C
UniProtKB	E9KIM9	psbC	part_of	GO:0009521	photosystem	ECO:0000256	IEA	GO_REF:0000002	InterPro:IPR000932|InterPro:IPR036001	39947	InterPro		C
UniProtKB	E9KIM9	psbC	part_of	GO:0009523	photosystem II	ECO:0000256	IEA	GO_REF:0000002	InterPro:IPR005869	39947	InterPro		C
UniProtKB	E9KIM9	psbC	part_of	GO:0009523	photosystem II	ECO:0007322	IEA	GO_REF:0000043	UniProtKB-KW:KW-0604	39947	UniProt		C
UniProtKB	E9KIN0	psbM	part_of	GO:0009523	photosystem II	ECO:0000256	IEA	GO_REF:0000002	InterPro:IPR007826	39947	InterPro		C
UniProtKB	E9KIN0	psbM	part_of	GO:0009523	photosystem II	ECO:0007322	IEA	GO_REF:0000043	UniProtKB-KW:KW-0604	39947	UniProt		C
UniProtKB	E9KIP0	psaB	part_of	GO:0009522	photosystem I	ECO:0000256	IEA	GO_REF:0000002	InterPro:IPR006244	39947	InterPro		C
UniProtKB	E9KIP0	psaB	part_of	GO:0009522	photosystem I	ECO:0007322	IEA	GO_REF:0000043	UniProtKB-KW:KW-0603	39947	UniProt		C
UniProtKB	E9KIP1	psaA	part_of	GO:0009522	photosystem I	ECO:0007322	IEA	GO_REF:0000043	UniProtKB-KW:KW-0603	39947	UniProt		C
UniProtKB	E9KIP9	ycf4	part_of	GO:0009522	photosystem I	ECO:0000256	IEA	GO_REF:0000002	InterPro:IPR003359	39947	InterPro		C
UniProtKB	E9KIQ3	psbF	part_of	GO:0009523	photosystem II	ECO:0000256	IEA	GO_REF:0000002	InterPro:IPR006216|InterPro:IPR006241	39947	InterPro		C
UniProtKB	E9KIQ3	psbF	part_of	GO:0009523	photosystem II	ECO:0007322	IEA	GO_REF:0000043	UniProtKB-KW:KW-0604	39947	UniProt		C
UniProtKB	E9KIQ3	psbF	part_of	GO:0009539	photosystem II reaction center	ECO:0000256	IEA	GO_REF:0000002	InterPro:IPR006216|InterPro:IPR006241	39947	InterPro		C
UniProtKB	E9KIQ4	psbE	part_of	GO:0009523	photosystem II	ECO:0000256	IEA	GO_REF:0000002	InterPro:IPR006216|InterPro:IPR006217|InterPro:IPR013082|InterPro:IPR037025	39947	InterPro		C
UniProtKB	E9KIQ4	psbE	part_of	GO:0009523	photosystem II	ECO:0007322	IEA	GO_REF:0000043	UniProtKB-KW:KW-0604	39947	UniProt		C
UniProtKB	E9KIQ4	psbE	part_of	GO:0009539	photosystem II reaction center	ECO:0000256	IEA	GO_REF:0000002	InterPro:IPR006216	39947	InterPro		C
UniProtKB	E9KIQ8	psbB	part_of	GO:0009521	photosystem	ECO:0000256	IEA	GO_REF:0000002	InterPro:IPR000932|InterPro:IPR036001	39947	InterPro		C
UniProtKB	E9KIQ8	psbB	part_of	GO:0009523	photosystem II	ECO:0000256	IEA	GO_REF:0000002	InterPro:IPR017486	39947	InterPro		C
UniProtKB	E9KIQ8	psbB	part_of	GO:0009523	photosystem II	ECO:0007322	IEA	GO_REF:0000043	UniProtKB-KW:KW-0604	39947	UniProt		C
UniProtKB	E9KIR0	psbH	part_of	GO:0009523	photosystem II	ECO:0000256	IEA	GO_REF:0000002	InterPro:IPR001056|InterPro:IPR036863	39947	InterPro		C
UniProtKB	E9KIR0	psbH	part_of	GO:0009523	photosystem II	ECO:0007322	IEA	GO_REF:0000043	UniProtKB-KW:KW-0604	39947	UniProt		C
UniProtKB	E9KIT0	psaC	part_of	GO:0009522	photosystem I	ECO:0000256	IEA	GO_REF:0000002	InterPro:IPR017491	39947	InterPro		C
UniProtKB	E9KIT0	psaC	part_of	GO:0009522	photosystem I	ECO:0007322	IEA	GO_REF:0000043	UniProtKB-KW:KW-0603	39947	UniProt		C
UniProtKB	H2KW47	LOC_Os11g13890	part_of	GO:0009522	photosystem I	ECO:0007322	IEA	GO_REF:0000043	UniProtKB-KW:KW-0603	39947	UniProt		C
UniProtKB	H2KW47	LOC_Os11g13890	part_of	GO:0009523	photosystem II	ECO:0007322	IEA	GO_REF:0000043	UniProtKB-KW:KW-0604	39947	UniProt		C
UniProtKB	H2KWC8	LOC_Os11g13890	part_of	GO:0009522	photosystem I	ECO:0007322	IEA	GO_REF:0000043	UniProtKB-KW:KW-0603	39947	UniProt		C
UniProtKB	H2KWC8	LOC_Os11g13890	part_of	GO:0009523	photosystem II	ECO:0007322	IEA	GO_REF:0000043	UniProtKB-KW:KW-0604	39947	UniProt		C
UniProtKB	H2KWR6	LOC_Os12g23200	part_of	GO:0009522	photosystem I	ECO:0000256	IEA	GO_REF:0000002	InterPro:IPR003757|InterPro:IPR036592	39947	InterPro		C
UniProtKB	H2KWR6	LOC_Os12g23200	part_of	GO:0009522	photosystem I	ECO:0007322	IEA	GO_REF:0000043	UniProtKB-KW:KW-0603	39947	UniProt		C
UniProtKB	H2KWR6	LOC_Os12g23200	part_of	GO:0009538	photosystem I reaction center	ECO:0000256	IEA	GO_REF:0000002	InterPro:IPR003757|InterPro:IPR036592	39947	InterPro		C
UniProtKB	I3QD41	I3QD41	part_of	GO:0009522	photosystem I	ECO:0007322	IEA	GO_REF:0000043	UniProtKB-KW:KW-0603	39947	UniProt		C
UniProtKB	I3QD41	I3QD41	part_of	GO:0009523	photosystem II	ECO:0007322	IEA	GO_REF:0000043	UniProtKB-KW:KW-0604	39947	UniProt		C
UniProtKB	I3QD65	I3QD65	part_of	GO:0009522	photosystem I	ECO:0007322	IEA	GO_REF:0000043	UniProtKB-KW:KW-0603	39947	UniProt		C
UniProtKB	I3QD65	I3QD65	part_of	GO:0009523	photosystem II	ECO:0007322	IEA	GO_REF:0000043	UniProtKB-KW:KW-0604	39947	UniProt		C
UniProtKB	P0C355	psaA	part_of	GO:0009522	photosystem I	ECO:0007322	IEA	GO_REF:0000043	UniProtKB-KW:KW-0603	39947	UniProt		C
UniProtKB	P0C358	psaB	part_of	GO:0009522	photosystem I	ECO:0000256	IEA	GO_REF:0000002	InterPro:IPR006244	39947	InterPro		C
UniProtKB	P0C358	psaB	part_of	GO:0009522	photosystem I	ECO:0007322	IEA	GO_REF:0000043	UniProtKB-KW:KW-0603	39947	UniProt		C
UniProtKB	P0C361	psaC	part_of	GO:0009522	photosystem I	ECO:0000256	IEA	GO_REF:0000002	InterPro:IPR017491	39947	InterPro		C
UniProtKB	P0C361	psaC	part_of	GO:0009522	photosystem I	ECO:0007322	IEA	GO_REF:0000043	UniProtKB-KW:KW-0603	39947	UniProt		C
UniProtKB	P0C364	psbB	part_of	GO:0009521	photosystem	ECO:0000256	IEA	GO_REF:0000002	InterPro:IPR000932|InterPro:IPR036001	39947	InterPro		C
UniProtKB	P0C364	psbB	part_of	GO:0009523	photosystem II	ECO:0000256	IEA	GO_REF:0000002	InterPro:IPR017486	39947	InterPro		C
UniProtKB	P0C364	psbB	part_of	GO:0009523	photosystem II	ECO:0007322	IEA	GO_REF:0000043	UniProtKB-KW:KW-0604	39947	UniProt		C
UniProtKB	P0C367	psbC	part_of	GO:0009521	photosystem	ECO:0000256	IEA	GO_REF:0000002	InterPro:IPR000932|InterPro:IPR036001	39947	InterPro		C
UniProtKB	P0C367	psbC	part_of	GO:0009523	photosystem II	ECO:0000256	IEA	GO_REF:0000002	InterPro:IPR005869	39947	InterPro		C
UniProtKB	P0C367	psbC	part_of	GO:0009523	photosystem II	ECO:0007322	IEA	GO_REF:0000043	UniProtKB-KW:KW-0604	39947	UniProt		C
UniProtKB	P0C370	psbE	part_of	GO:0009523	photosystem II	ECO:0000256	IEA	GO_REF:0000002	InterPro:IPR006216|InterPro:IPR006217|InterPro:IPR013082|InterPro:IPR037025	39947	InterPro		C
UniProtKB	P0C370	psbE	part_of	GO:0009523	photosystem II	ECO:0007322	IEA	GO_REF:0000043	UniProtKB-KW:KW-0604	39947	UniProt		C
UniProtKB	P0C370	psbE	part_of	GO:0009539	photosystem II reaction center	ECO:0000256	IEA	GO_REF:0000002	InterPro:IPR006216	39947	InterPro		C
UniProtKB	P0C401	psbF	part_of	GO:0009523	photosystem II	ECO:0000256	IEA	GO_REF:0000002	InterPro:IPR006216|InterPro:IPR006241	39947	InterPro		C
UniProtKB	P0C401	psbF	part_of	GO:0009523	photosystem II	ECO:0007322	IEA	GO_REF:0000043	UniProtKB-KW:KW-0604	39947	UniProt		C
UniProtKB	P0C401	psbF	part_of	GO:0009539	photosystem II reaction center	ECO:0000256	IEA	GO_REF:0000002	InterPro:IPR006216|InterPro:IPR006241	39947	InterPro		C
UniProtKB	P0C407	psbI	part_of	GO:0009523	photosystem II	ECO:0000256	IEA	GO_REF:0000002	InterPro:IPR003686	39947	InterPro		C
UniProtKB	P0C407	psbI	part_of	GO:0009523	photosystem II	ECO:0007322	IEA	GO_REF:0000043	UniProtKB-KW:KW-0604	39947	UniProt		C
UniProtKB	P0C407	psbI	part_of	GO:0009539	photosystem II reaction center	ECO:0000256	IEA	GO_REF:0000002	InterPro:IPR003686	39947	InterPro		C
UniProtKB	P0C410	psbK	part_of	GO:0009523	photosystem II	ECO:0000256	IEA	GO_REF:0000002	InterPro:IPR003687	39947	InterPro		C
UniProtKB	P0C410	psbK	part_of	GO:0009523	photosystem II	ECO:0007322	IEA	GO_REF:0000043	UniProtKB-KW:KW-0604	39947	UniProt		C
UniProtKB	P0C410	psbK	part_of	GO:0009539	photosystem II reaction center	ECO:0000256	IEA	GO_REF:0000002	InterPro:IPR003687	39947	InterPro		C
UniProtKB	P0C413	psbM	part_of	GO:0009523	photosystem II	ECO:0000256	IEA	GO_REF:0000002	InterPro:IPR007826	39947	InterPro		C
UniProtKB	P0C413	psbM	part_of	GO:0009523	photosystem II	ECO:0007322	IEA	GO_REF:0000043	UniProtKB-KW:KW-0604	39947	UniProt		C
UniProtKB	P0C422	psbH	part_of	GO:0009523	photosystem II	ECO:0000256	IEA	GO_REF:0000002	InterPro:IPR001056|InterPro:IPR036863	39947	InterPro		C
UniProtKB	P0C422	psbH	part_of	GO:0009523	photosystem II	ECO:0007322	IEA	GO_REF:0000043	UniProtKB-KW:KW-0604	39947	UniProt		C
UniProtKB	P0C434	psbA	part_of	GO:0009523	photosystem II	ECO:0007322	IEA	GO_REF:0000043	UniProtKB-KW:KW-0604	39947	UniProt		C
UniProtKB	P0C434	psbA	part_of	GO:0009523	photosystem II	ECO:0000318	IBA	PMID:21873635	PANTHER:PTN002108145|UniProtKB:P09192	39947	GO_Central		C
UniProtKB	P0C437	psbD	part_of	GO:0009523	photosystem II	ECO:0000256	IEA	GO_REF:0000002	InterPro:IPR005868	39947	InterPro		C
UniProtKB	P0C437	psbD	part_of	GO:0009523	photosystem II	ECO:0007322	IEA	GO_REF:0000043	UniProtKB-KW:KW-0604	39947	UniProt		C
UniProtKB	P0C437	psbD	part_of	GO:0009523	photosystem II	ECO:0000318	IBA	PMID:21873635	PANTHER:PTN002108145|UniProtKB:P09192	39947	GO_Central		C
UniProtKB	P0C515	ycf4	part_of	GO:0009522	photosystem I	ECO:0000256	IEA	GO_REF:0000002	InterPro:IPR003359	39947	InterPro		C
UniProtKB	P12186	psaI	part_of	GO:0009522	photosystem I	ECO:0000256	IEA	GO_REF:0000002	InterPro:IPR001302|InterPro:IPR036357	39947	InterPro		C
UniProtKB	P12186	psaI	part_of	GO:0009522	photosystem I	ECO:0007322	IEA	GO_REF:0000043	UniProtKB-KW:KW-0603	39947	UniProt		C
UniProtKB	P12189	psbJ	part_of	GO:0009523	photosystem II	ECO:0000256	IEA	GO_REF:0000002	InterPro:IPR002682	39947	InterPro		C
UniProtKB	P12189	psbJ	part_of	GO:0009523	photosystem II	ECO:0007322	IEA	GO_REF:0000043	UniProtKB-KW:KW-0604	39947	UniProt		C
UniProtKB	P12189	psbJ	part_of	GO:0009523	photosystem II	ECO:0000318	IBA	PMID:21873635	PANTHER:PTN002439276|UniProtKB:P73070	39947	GO_Central		C
UniProtKB	P12189	psbJ	part_of	GO:0009539	photosystem II reaction center	ECO:0000256	IEA	GO_REF:0000002	InterPro:IPR002682	39947	InterPro		C
UniProtKB	P12192	psaJ	part_of	GO:0009522	photosystem I	ECO:0000256	IEA	GO_REF:0000002	InterPro:IPR002615|InterPro:IPR036062	39947	InterPro		C
UniProtKB	P12192	psaJ	part_of	GO:0009522	photosystem I	ECO:0007322	IEA	GO_REF:0000043	UniProtKB-KW:KW-0603	39947	UniProt		C
UniProtKB	P12194	psbZ	part_of	GO:0009523	photosystem II	ECO:0000256	IEA	GO_REF:0000002	InterPro:IPR002644|InterPro:IPR036512	39947	InterPro		C
UniProtKB	P12194	psbZ	part_of	GO:0009523	photosystem II	ECO:0007322	IEA	GO_REF:0000043	UniProtKB-KW:KW-0604	39947	UniProt		C
UniProtKB	P12194	psbZ	part_of	GO:0009539	photosystem II reaction center	ECO:0000256	IEA	GO_REF:0000002	InterPro:IPR002644|InterPro:IPR036512	39947	InterPro		C
UniProtKB	P12330	CAB1R	part_of	GO:0009522	photosystem I	ECO:0007322	IEA	GO_REF:0000043	UniProtKB-KW:KW-0603	39947	UniProt		C
UniProtKB	P12330	CAB1R	part_of	GO:0009523	photosystem II	ECO:0007322	IEA	GO_REF:0000043	UniProtKB-KW:KW-0604	39947	UniProt		C
UniProtKB	P12331	CAB2R	part_of	GO:0009522	photosystem I	ECO:0007322	IEA	GO_REF:0000043	UniProtKB-KW:KW-0603	39947	UniProt		C
UniProtKB	P12331	CAB2R	part_of	GO:0009523	photosystem II	ECO:0007322	IEA	GO_REF:0000043	UniProtKB-KW:KW-0604	39947	UniProt		C
UniProtKB	P60137	psbL	part_of	GO:0009523	photosystem II	ECO:0000256	IEA	GO_REF:0000002	InterPro:IPR003372	39947	InterPro		C
UniProtKB	P60137	psbL	part_of	GO:0009523	photosystem II	ECO:0007322	IEA	GO_REF:0000043	UniProtKB-KW:KW-0604	39947	UniProt		C
UniProtKB	P60137	psbL	part_of	GO:0009539	photosystem II reaction center	ECO:0000256	IEA	GO_REF:0000002	InterPro:IPR003372	39947	InterPro		C
UniProtKB	P69674	psbT	part_of	GO:0009523	photosystem II	ECO:0000256	IEA	GO_REF:0000002	InterPro:IPR001743	39947	InterPro		C
UniProtKB	P69674	psbT	part_of	GO:0009523	photosystem II	ECO:0007322	IEA	GO_REF:0000043	UniProtKB-KW:KW-0604	39947	UniProt		C
UniProtKB	P69674	psbT	part_of	GO:0009539	photosystem II reaction center	ECO:0000256	IEA	GO_REF:0000002	InterPro:IPR001743	39947	InterPro		C
UniProtKB	Q0D569	OJ1065_B06.19-1	part_of	GO:0009522	photosystem I	ECO:0007322	IEA	GO_REF:0000043	UniProtKB-KW:KW-0603	39947	UniProt		C
UniProtKB	Q0D569	OJ1065_B06.19-1	part_of	GO:0009523	photosystem II	ECO:0007322	IEA	GO_REF:0000043	UniProtKB-KW:KW-0604	39947	UniProt		C
UniProtKB	Q0D5I4	Os07g0558400	part_of	GO:0009522	photosystem I	ECO:0007322	IEA	GO_REF:0000043	UniProtKB-KW:KW-0603	39947	UniProt		C
UniProtKB	Q0D5I4	Os07g0558400	part_of	GO:0009523	photosystem II	ECO:0007322	IEA	GO_REF:0000043	UniProtKB-KW:KW-0604	39947	UniProt		C
UniProtKB	Q0D5P8	LOC_Os07g36080	part_of	GO:0009523	photosystem II	ECO:0000256	IEA	GO_REF:0000002	InterPro:IPR008797	39947	InterPro		C
UniProtKB	Q0D5P8	LOC_Os07g36080	part_of	GO:0009523	photosystem II	ECO:0007322	IEA	GO_REF:0000043	UniProtKB-KW:KW-0604	39947	UniProt		C
UniProtKB	Q0D5P8	LOC_Os07g36080	part_of	GO:0009654	photosystem II oxygen evolving complex	ECO:0000256	IEA	GO_REF:0000002	InterPro:IPR008797	39947	InterPro		C
UniProtKB	Q0D6V8	Os07g0435300	part_of	GO:0009522	photosystem I	ECO:0000256	IEA	GO_REF:0000002	InterPro:IPR003375	39947	InterPro		C
UniProtKB	Q0D6V8	Os07g0435300	part_of	GO:0009522	photosystem I	ECO:0007322	IEA	GO_REF:0000043	UniProtKB-KW:KW-0603	39947	UniProt		C
UniProtKB	Q0D6V8	Os07g0435300	part_of	GO:0009538	photosystem I reaction center	ECO:0000256	IEA	GO_REF:0000002	InterPro:IPR003375	39947	InterPro		C
UniProtKB	Q0D8L4	Os07g0148900	part_of	GO:0009522	photosystem I	ECO:0000256	IEA	GO_REF:0000002	InterPro:IPR000549|InterPro:IPR023618|InterPro:IPR035982	39947	InterPro		C
UniProtKB	Q0D8L4	Os07g0148900	part_of	GO:0009522	photosystem I	ECO:0007322	IEA	GO_REF:0000043	UniProtKB-KW:KW-0603	39947	UniProt		C
UniProtKB	Q0D961	P0446F04.140	part_of	GO:0009523	photosystem II	ECO:0000256	IEA	GO_REF:0000002	InterPro:IPR008797	39947	InterPro		C
UniProtKB	Q0D961	P0446F04.140	part_of	GO:0009654	photosystem II oxygen evolving complex	ECO:0000256	IEA	GO_REF:0000002	InterPro:IPR008797	39947	InterPro		C
UniProtKB	Q0DB66	Os06g0598100	part_of	GO:0009521	photosystem	ECO:0000256	IEA	GO_REF:0000002	InterPro:IPR000932|InterPro:IPR036001	39947	InterPro		C
UniProtKB	Q0DCJ6	Os06g0320500	part_of	GO:0009522	photosystem I	ECO:0007322	IEA	GO_REF:0000043	UniProtKB-KW:KW-0603	39947	UniProt		C
UniProtKB	Q0DCJ6	Os06g0320500	part_of	GO:0009523	photosystem II	ECO:0007322	IEA	GO_REF:0000043	UniProtKB-KW:KW-0604	39947	UniProt		C
UniProtKB	Q0DG05	PSAH	part_of	GO:0009522	photosystem I	ECO:0000256	IEA	GO_REF:0000002	InterPro:IPR004928	39947	InterPro		C
UniProtKB	Q0DG05	PSAH	part_of	GO:0009522	photosystem I	ECO:0007322	IEA	GO_REF:0000043	UniProtKB-KW:KW-0603	39947	UniProt		C
UniProtKB	Q0DG05	PSAH	part_of	GO:0009538	photosystem I reaction center	ECO:0000256	IEA	GO_REF:0000002	InterPro:IPR004928	39947	InterPro		C
UniProtKB	Q0DN30	Os03g0778100	part_of	GO:0009522	photosystem I	ECO:0000256	IEA	GO_REF:0000002	InterPro:IPR003666|InterPro:IPR036577	39947	InterPro		C
UniProtKB	Q0DN30	Os03g0778100	part_of	GO:0009522	photosystem I	ECO:0007322	IEA	GO_REF:0000043	UniProtKB-KW:KW-0603	39947	UniProt		C
UniProtKB	Q0DN30	Os03g0778100	part_of	GO:0009538	photosystem I reaction center	ECO:0000256	IEA	GO_REF:0000002	InterPro:IPR003666|InterPro:IPR036577	39947	InterPro		C
UniProtKB	Q0DN30	Os03g0778100	part_of	GO:0009538	photosystem I reaction center	ECO:0000256	IEA	GO_REF:0000104	UniRule:UR001591760	39947	UniProt		C
UniProtKB	Q0DNL3	Os03g0747700	part_of	GO:0009523	photosystem II	ECO:0000256	IEA	GO_REF:0000002	InterPro:IPR025585	39947	InterPro		C
UniProtKB	Q0DNW0	Os03g0731100	part_of	GO:0009522	photosystem I	ECO:0000256	IEA	GO_REF:0000002	InterPro:IPR008796	39947	InterPro		C
UniProtKB	Q0DRZ3	Os03g0343900	part_of	GO:0009523	photosystem II	ECO:0000256	IEA	GO_REF:0000002	InterPro:IPR009518	39947	InterPro		C
UniProtKB	Q0DRZ3	Os03g0343900	part_of	GO:0009523	photosystem II	ECO:0007322	IEA	GO_REF:0000043	UniProtKB-KW:KW-0604	39947	UniProt		C
UniProtKB	Q0IMK5	Os12g0564400	part_of	GO:0009523	photosystem II	ECO:0000256	IEA	GO_REF:0000002	InterPro:IPR002683	39947	InterPro		C
UniProtKB	Q0IMK5	Os12g0564400	part_of	GO:0009654	photosystem II oxygen evolving complex	ECO:0000256	IEA	GO_REF:0000002	InterPro:IPR002683	39947	InterPro		C
UniProtKB	Q0INN7	Os12g0420400	part_of	GO:0009522	photosystem I	ECO:0000256	IEA	GO_REF:0000002	InterPro:IPR003757|InterPro:IPR036592	39947	InterPro		C
UniProtKB	Q0INN7	Os12g0420400	part_of	GO:0009522	photosystem I	ECO:0007322	IEA	GO_REF:0000043	UniProtKB-KW:KW-0603	39947	UniProt		C
UniProtKB	Q0INN7	Os12g0420400	part_of	GO:0009538	photosystem I reaction center	ECO:0000256	IEA	GO_REF:0000002	InterPro:IPR003757|InterPro:IPR036592	39947	InterPro		C
UniProtKB	Q0IPK6	Os12g0190200	part_of	GO:0009523	photosystem II	ECO:0000256	IEA	GO_REF:0000002	InterPro:IPR002683	39947	InterPro		C
UniProtKB	Q0IPK6	Os12g0190200	part_of	GO:0009654	photosystem II oxygen evolving complex	ECO:0000256	IEA	GO_REF:0000002	InterPro:IPR002683	39947	InterPro		C
UniProtKB	Q0IPL2	Os12g0189400	part_of	GO:0009522	photosystem I	ECO:0000256	IEA	GO_REF:0000002	InterPro:IPR008796	39947	InterPro		C
UniProtKB	Q0IX75	Os10g0461100	part_of	GO:0009523	photosystem II	ECO:0000256	IEA	GO_REF:0000002	InterPro:IPR002683	39947	InterPro		C
UniProtKB	Q0IX75	Os10g0461100	part_of	GO:0009654	photosystem II oxygen evolving complex	ECO:0000256	IEA	GO_REF:0000002	InterPro:IPR002683	39947	InterPro		C
UniProtKB	Q0J0V8	Q0J0V8	part_of	GO:0009522	photosystem I	ECO:0000256	IEA	GO_REF:0000002	InterPro:IPR000549|InterPro:IPR017494|InterPro:IPR023618	39947	InterPro		C
UniProtKB	Q0J0V8	Q0J0V8	part_of	GO:0009522	photosystem I	ECO:0007322	IEA	GO_REF:0000043	UniProtKB-KW:KW-0603	39947	UniProt		C
UniProtKB	Q0J1H6	Os09g0439500	part_of	GO:0009522	photosystem I	ECO:0007322	IEA	GO_REF:0000043	UniProtKB-KW:KW-0603	39947	UniProt		C
UniProtKB	Q0J1H6	Os09g0439500	part_of	GO:0009523	photosystem II	ECO:0007322	IEA	GO_REF:0000043	UniProtKB-KW:KW-0604	39947	UniProt		C
UniProtKB	Q0J692	Os08g0347500	part_of	GO:0009523	photosystem II	ECO:0000256	IEA	GO_REF:0000002	InterPro:IPR002683	39947	InterPro		C
UniProtKB	Q0J692	Os08g0347500	part_of	GO:0009654	photosystem II oxygen evolving complex	ECO:0000256	IEA	GO_REF:0000002	InterPro:IPR002683	39947	InterPro		C
UniProtKB	Q0J6X4	Os08g0252100	part_of	GO:0009521	photosystem	ECO:0000256	IEA	GO_REF:0000002	InterPro:IPR000932|InterPro:IPR036001	39947	InterPro		C
UniProtKB	Q0J7E1	Os08g0200300	part_of	GO:0009523	photosystem II	ECO:0000256	IEA	GO_REF:0000002	InterPro:IPR006814	39947	InterPro		C
UniProtKB	Q0J7E1	Os08g0200300	part_of	GO:0009654	photosystem II oxygen evolving complex	ECO:0000256	IEA	GO_REF:0000002	InterPro:IPR006814	39947	InterPro		C
UniProtKB	Q0J8C7	Os08g0119800	part_of	GO:0009523	photosystem II	ECO:0000256	IEA	GO_REF:0000002	InterPro:IPR009388|InterPro:IPR038760	39947	InterPro		C
UniProtKB	Q0J8C7	Os08g0119800	part_of	GO:0009523	photosystem II	ECO:0007322	IEA	GO_REF:0000043	UniProtKB-KW:KW-0604	39947	UniProt		C
UniProtKB	Q0J8R9	PSBS2	part_of	GO:0009523	photosystem II	ECO:0007322	IEA	GO_REF:0000043	UniProtKB-KW:KW-0604	39947	UniProt		C
UniProtKB	Q0JBN1	Os04g0522800	part_of	GO:0009523	photosystem II	ECO:0000256	IEA	GO_REF:0000002	InterPro:IPR008797	39947	InterPro		C
UniProtKB	Q0JBN1	Os04g0522800	part_of	GO:0009654	photosystem II oxygen evolving complex	ECO:0000256	IEA	GO_REF:0000002	InterPro:IPR008797	39947	InterPro		C
UniProtKB	Q0JCQ4	Os04g0457000	part_of	GO:0009522	photosystem I	ECO:0007322	IEA	GO_REF:0000043	UniProtKB-KW:KW-0603	39947	UniProt		C
UniProtKB	Q0JCQ4	Os04g0457000	part_of	GO:0009523	photosystem II	ECO:0007322	IEA	GO_REF:0000043	UniProtKB-KW:KW-0604	39947	UniProt		C
UniProtKB	Q0JEM7	psbA	part_of	GO:0009523	photosystem II	ECO:0007322	IEA	GO_REF:0000043	UniProtKB-KW:KW-0604	39947	UniProt		C
UniProtKB	Q0JG75	PSB28	part_of	GO:0009523	photosystem II	ECO:0000256	IEA	GO_REF:0000002	InterPro:IPR005610	39947	InterPro		C
UniProtKB	Q0JG75	PSB28	part_of	GO:0009523	photosystem II	ECO:0007322	IEA	GO_REF:0000043	UniProtKB-KW:KW-0604	39947	UniProt		C
UniProtKB	Q0JG75	PSB28	part_of	GO:0009654	photosystem II oxygen evolving complex	ECO:0000256	IEA	GO_REF:0000002	InterPro:IPR005610	39947	InterPro		C
UniProtKB	Q0JGA3	Os01g0934400	part_of	GO:0009523	photosystem II	ECO:0000256	IEA	GO_REF:0000002	InterPro:IPR002683	39947	InterPro		C
UniProtKB	Q0JGA3	Os01g0934400	part_of	GO:0009654	photosystem II oxygen evolving complex	ECO:0000256	IEA	GO_REF:0000002	InterPro:IPR002683	39947	InterPro		C
UniProtKB	Q0JH63	Os01g0881600	part_of	GO:0009523	photosystem II	ECO:0000256	IEA	GO_REF:0000002	InterPro:IPR002682	39947	InterPro		C
UniProtKB	Q0JH63	Os01g0881600	part_of	GO:0009523	photosystem II	ECO:0007322	IEA	GO_REF:0000043	UniProtKB-KW:KW-0604	39947	UniProt		C
UniProtKB	Q0JH63	Os01g0881600	part_of	GO:0009539	photosystem II reaction center	ECO:0000256	IEA	GO_REF:0000002	InterPro:IPR002682	39947	InterPro		C
UniProtKB	Q0JIL9	Os01g0792400	part_of	GO:0009522	photosystem I	ECO:0000256	IEA	GO_REF:0000002	InterPro:IPR003359	39947	InterPro		C
UniProtKB	Q0KIW5	Q0KIW5	part_of	GO:0009523	photosystem II	ECO:0000256	IEA	GO_REF:0000002	InterPro:IPR002683	39947	InterPro		C
UniProtKB	Q0KIW5	Q0KIW5	part_of	GO:0009654	photosystem II oxygen evolving complex	ECO:0000256	IEA	GO_REF:0000002	InterPro:IPR002683	39947	InterPro		C
UniProtKB	Q108X8	LOC_Os10g41689	part_of	GO:0009523	photosystem II	ECO:0007322	IEA	GO_REF:0000043	UniProtKB-KW:KW-0604	39947	UniProt		C
UniProtKB	Q109C9	LOC_Os10g38248	part_of	GO:0009522	photosystem I	ECO:0007322	IEA	GO_REF:0000043	UniProtKB-KW:KW-0603	39947	UniProt		C
UniProtKB	Q109D0	OSJNBa0061C08.6	part_of	GO:0009522	photosystem I	ECO:0007322	IEA	GO_REF:0000043	UniProtKB-KW:KW-0603	39947	UniProt		C
UniProtKB	Q109K8	LOC_Os10g32348	part_of	GO:0009523	photosystem II	ECO:0000256	IEA	GO_REF:0000002	InterPro:IPR002683	39947	InterPro		C
UniProtKB	Q109K8	LOC_Os10g32348	part_of	GO:0009654	photosystem II oxygen evolving complex	ECO:0000256	IEA	GO_REF:0000002	InterPro:IPR002683	39947	InterPro		C
UniProtKB	Q109K9	LOC_Os10g32348	part_of	GO:0009523	photosystem II	ECO:0000256	IEA	GO_REF:0000002	InterPro:IPR002683	39947	InterPro		C
UniProtKB	Q109K9	LOC_Os10g32348	part_of	GO:0009654	photosystem II oxygen evolving complex	ECO:0000256	IEA	GO_REF:0000002	InterPro:IPR002683	39947	InterPro		C
UniProtKB	Q109L0	LOC_Os10g32348	part_of	GO:0009523	photosystem II	ECO:0000256	IEA	GO_REF:0000002	InterPro:IPR002683	39947	InterPro		C
UniProtKB	Q109L0	LOC_Os10g32348	part_of	GO:0009654	photosystem II oxygen evolving complex	ECO:0000256	IEA	GO_REF:0000002	InterPro:IPR002683	39947	InterPro		C
UniProtKB	Q109L1	LOC_Os10g32348	part_of	GO:0009523	photosystem II	ECO:0000256	IEA	GO_REF:0000002	InterPro:IPR002683	39947	InterPro		C
UniProtKB	Q109L1	LOC_Os10g32348	part_of	GO:0009654	photosystem II oxygen evolving complex	ECO:0000256	IEA	GO_REF:0000002	InterPro:IPR002683	39947	InterPro		C
UniProtKB	Q10CX9	LOC_Os03g53640	part_of	GO:0009523	photosystem II	ECO:0000256	IEA	GO_REF:0000002	InterPro:IPR025585	39947	InterPro		C
UniProtKB	Q10DE7	LOC_Os03g52130	part_of	GO:0009522	photosystem I	ECO:0000256	IEA	GO_REF:0000002	InterPro:IPR008796	39947	InterPro		C
UniProtKB	Q10HC8	LOC_Os03g39610	part_of	GO:0009522	photosystem I	ECO:0007322	IEA	GO_REF:0000043	UniProtKB-KW:KW-0603	39947	UniProt		C
UniProtKB	Q10HC8	LOC_Os03g39610	part_of	GO:0009523	photosystem II	ECO:0007322	IEA	GO_REF:0000043	UniProtKB-KW:KW-0604	39947	UniProt		C
UniProtKB	Q10HC9	LOC_Os03g39610	part_of	GO:0009522	photosystem I	ECO:0007322	IEA	GO_REF:0000043	UniProtKB-KW:KW-0603	39947	UniProt		C
UniProtKB	Q10HC9	LOC_Os03g39610	part_of	GO:0009523	photosystem II	ECO:0007322	IEA	GO_REF:0000043	UniProtKB-KW:KW-0604	39947	UniProt		C
UniProtKB	Q10HD0	RCABP89	part_of	GO:0009522	photosystem I	ECO:0007322	IEA	GO_REF:0000043	UniProtKB-KW:KW-0603	39947	UniProt		C
UniProtKB	Q10HD0	RCABP89	part_of	GO:0009523	photosystem II	ECO:0007322	IEA	GO_REF:0000043	UniProtKB-KW:KW-0604	39947	UniProt		C
UniProtKB	Q10LL6	LOC_Os03g22370	part_of	GO:0009523	photosystem II	ECO:0000256	IEA	GO_REF:0000002	InterPro:IPR009518	39947	InterPro		C
UniProtKB	Q10LL6	LOC_Os03g22370	part_of	GO:0009523	photosystem II	ECO:0007322	IEA	GO_REF:0000043	UniProtKB-KW:KW-0604	39947	UniProt		C
UniProtKB	Q10LL7	LOC_Os03g22370	part_of	GO:0009523	photosystem II	ECO:0000256	IEA	GO_REF:0000002	InterPro:IPR009518	39947	InterPro		C
UniProtKB	Q10LL7	LOC_Os03g22370	part_of	GO:0009523	photosystem II	ECO:0007322	IEA	GO_REF:0000043	UniProtKB-KW:KW-0604	39947	UniProt		C
UniProtKB	Q10LV7	LOC_Os03g21560	part_of	GO:0009523	photosystem II	ECO:0000256	IEA	GO_REF:0000002	InterPro:IPR025585	39947	InterPro		C
UniProtKB	Q1G1M8	psaB	part_of	GO:0009522	photosystem I	ECO:0000256	IEA	GO_REF:0000002	InterPro:IPR006244	39947	InterPro		C
UniProtKB	Q1G1M8	psaB	part_of	GO:0009522	photosystem I	ECO:0007322	IEA	GO_REF:0000043	UniProtKB-KW:KW-0603	39947	UniProt		C
UniProtKB	Q2QNI3	LOC_Os12g37710	part_of	GO:0009523	photosystem II	ECO:0000256	IEA	GO_REF:0000002	InterPro:IPR002683	39947	InterPro		C
UniProtKB	Q2QNI3	LOC_Os12g37710	part_of	GO:0009654	photosystem II oxygen evolving complex	ECO:0000256	IEA	GO_REF:0000002	InterPro:IPR002683	39947	InterPro		C
UniProtKB	Q2QNI4	LOC_Os12g37710	part_of	GO:0009523	photosystem II	ECO:0000256	IEA	GO_REF:0000002	InterPro:IPR002683	39947	InterPro		C
UniProtKB	Q2QNI4	LOC_Os12g37710	part_of	GO:0009654	photosystem II oxygen evolving complex	ECO:0000256	IEA	GO_REF:0000002	InterPro:IPR002683	39947	InterPro		C
UniProtKB	Q2QSR5	LOC_Os12g23200	part_of	GO:0009522	photosystem I	ECO:0000256	IEA	GO_REF:0000002	InterPro:IPR003757|InterPro:IPR036592	39947	InterPro		C
UniProtKB	Q2QSR5	LOC_Os12g23200	part_of	GO:0009522	photosystem I	ECO:0007322	IEA	GO_REF:0000043	UniProtKB-KW:KW-0603	39947	UniProt		C
UniProtKB	Q2QSR5	LOC_Os12g23200	part_of	GO:0009538	photosystem I reaction center	ECO:0000256	IEA	GO_REF:0000002	InterPro:IPR003757|InterPro:IPR036592	39947	InterPro		C
UniProtKB	Q2QW47	LOC_Os12g10600	part_of	GO:0009521	photosystem	ECO:0000256	IEA	GO_REF:0000002	InterPro:IPR000932|InterPro:IPR036001	39947	InterPro		C
UniProtKB	Q2QWM6	LOC_Os12g08830	part_of	GO:0009523	photosystem II	ECO:0000256	IEA	GO_REF:0000002	InterPro:IPR002683	39947	InterPro		C
UniProtKB	Q2QWM6	LOC_Os12g08830	part_of	GO:0009654	photosystem II oxygen evolving complex	ECO:0000256	IEA	GO_REF:0000002	InterPro:IPR002683	39947	InterPro		C
UniProtKB	Q2QWM7	LOC_Os12g08830	part_of	GO:0009523	photosystem II	ECO:0000256	IEA	GO_REF:0000002	InterPro:IPR002683	39947	InterPro		C
UniProtKB	Q2QWM7	LOC_Os12g08830	part_of	GO:0009654	photosystem II oxygen evolving complex	ECO:0000256	IEA	GO_REF:0000002	InterPro:IPR002683	39947	InterPro		C
UniProtKB	Q2QWN3	LOC_Os12g08770	part_of	GO:0009522	photosystem I	ECO:0000256	IEA	GO_REF:0000002	InterPro:IPR008796	39947	InterPro		C
UniProtKB	Q2QWN3	LOC_Os12g08770	part_of	GO:0030093	chloroplast photosystem I	ECO:0000318	IBA	PMID:21873635	PANTHER:PTN002198121|UniProtKB:P49107	39947	GO_Central		C
UniProtKB	Q2R850	LOC_Os11g13890	part_of	GO:0009522	photosystem I	ECO:0007322	IEA	GO_REF:0000043	UniProtKB-KW:KW-0603	39947	UniProt		C
UniProtKB	Q2R850	LOC_Os11g13890	part_of	GO:0009523	photosystem II	ECO:0007322	IEA	GO_REF:0000043	UniProtKB-KW:KW-0604	39947	UniProt		C
UniProtKB	Q2R851	LOC_Os11g13890	part_of	GO:0009522	photosystem I	ECO:0007322	IEA	GO_REF:0000043	UniProtKB-KW:KW-0603	39947	UniProt		C
UniProtKB	Q2R851	LOC_Os11g13890	part_of	GO:0009523	photosystem II	ECO:0007322	IEA	GO_REF:0000043	UniProtKB-KW:KW-0604	39947	UniProt		C
UniProtKB	Q339H2	LOC_Os10g21250	part_of	GO:0009522	photosystem I	ECO:0007322	IEA	GO_REF:0000043	UniProtKB-KW:KW-0603	39947	UniProt		C
UniProtKB	Q339H5	LOC_Os10g21210	part_of	GO:0009523	photosystem II	ECO:0007322	IEA	GO_REF:0000043	UniProtKB-KW:KW-0604	39947	UniProt		C
UniProtKB	Q53N81	LOC_Os11g13890	part_of	GO:0009522	photosystem I	ECO:0007322	IEA	GO_REF:0000043	UniProtKB-KW:KW-0603	39947	UniProt		C
UniProtKB	Q53N81	LOC_Os11g13890	part_of	GO:0009523	photosystem II	ECO:0007322	IEA	GO_REF:0000043	UniProtKB-KW:KW-0604	39947	UniProt		C
UniProtKB	Q53N82	LOC_Os11g13890	part_of	GO:0009522	photosystem I	ECO:0007322	IEA	GO_REF:0000043	UniProtKB-KW:KW-0603	39947	UniProt		C
UniProtKB	Q53N82	LOC_Os11g13890	part_of	GO:0009523	photosystem II	ECO:0007322	IEA	GO_REF:0000043	UniProtKB-KW:KW-0604	39947	UniProt		C
UniProtKB	Q53N83	LOC_Os11g13890	part_of	GO:0009522	photosystem I	ECO:0007322	IEA	GO_REF:0000043	UniProtKB-KW:KW-0603	39947	UniProt		C
UniProtKB	Q53N83	LOC_Os11g13890	part_of	GO:0009523	photosystem II	ECO:0007322	IEA	GO_REF:0000043	UniProtKB-KW:KW-0604	39947	UniProt		C
UniProtKB	Q5JJR8	OSJNBa0042P21.22	part_of	GO:0009522	photosystem I	ECO:0000256	IEA	GO_REF:0000002	InterPro:IPR003359	39947	InterPro		C
UniProtKB	Q5N7I0	B1065E10.8	part_of	GO:0009523	photosystem II	ECO:0000256	IEA	GO_REF:0000002	InterPro:IPR003372	39947	InterPro		C
UniProtKB	Q5N7I0	B1065E10.8	part_of	GO:0009539	photosystem II reaction center	ECO:0000256	IEA	GO_REF:0000002	InterPro:IPR003372	39947	InterPro		C
UniProtKB	Q5N979	lhbA	part_of	GO:0009523	photosystem II	ECO:0000256	IEA	GO_REF:0000002	InterPro:IPR002644|InterPro:IPR036512	39947	InterPro		C
UniProtKB	Q5N979	lhbA	part_of	GO:0009523	photosystem II	ECO:0007322	IEA	GO_REF:0000043	UniProtKB-KW:KW-0604	39947	UniProt		C
UniProtKB	Q5N979	lhbA	part_of	GO:0009539	photosystem II reaction center	ECO:0000256	IEA	GO_REF:0000002	InterPro:IPR002644|InterPro:IPR036512	39947	InterPro		C
UniProtKB	Q5N982	P0557A01.51	part_of	GO:0009523	photosystem II	ECO:0000256	IEA	GO_REF:0000002	InterPro:IPR006216|InterPro:IPR006241	39947	InterPro		C
UniProtKB	Q5N982	P0557A01.51	part_of	GO:0009523	photosystem II	ECO:0007322	IEA	GO_REF:0000043	UniProtKB-KW:KW-0604	39947	UniProt		C
UniProtKB	Q5N982	P0557A01.51	part_of	GO:0009539	photosystem II reaction center	ECO:0000256	IEA	GO_REF:0000002	InterPro:IPR006216|InterPro:IPR006241	39947	InterPro		C
UniProtKB	Q5N997	P0557A01.29	part_of	GO:0009522	photosystem I	ECO:0000256	IEA	GO_REF:0000002	InterPro:IPR006244	39947	InterPro		C
UniProtKB	Q5N997	P0557A01.29	part_of	GO:0009522	photosystem I	ECO:0007322	IEA	GO_REF:0000043	UniProtKB-KW:KW-0603	39947	UniProt		C
UniProtKB	Q5VQX1	Os01g0805300	part_of	GO:0009523	photosystem II	ECO:0000256	IEA	GO_REF:0000002	InterPro:IPR002683	39947	InterPro		C
UniProtKB	Q5VQX1	Os01g0805300	part_of	GO:0009654	photosystem II oxygen evolving complex	ECO:0000256	IEA	GO_REF:0000002	InterPro:IPR002683	39947	InterPro		C
UniProtKB	Q5Z5A8	HCF136	part_of	GO:0009523	photosystem II	ECO:0007322	IEA	GO_REF:0000043	UniProtKB-KW:KW-0604	39947	UniProt		C
UniProtKB	Q5ZA98	Os06g0320500	part_of	GO:0009522	photosystem I	ECO:0007322	IEA	GO_REF:0000043	UniProtKB-KW:KW-0603	39947	UniProt		C
UniProtKB	Q5ZA98	Os06g0320500	part_of	GO:0009523	photosystem II	ECO:0007322	IEA	GO_REF:0000043	UniProtKB-KW:KW-0604	39947	UniProt		C
UniProtKB	Q5ZBV7	P0518F01.17-2	part_of	GO:0009522	photosystem I	ECO:0007322	IEA	GO_REF:0000043	UniProtKB-KW:KW-0603	39947	UniProt		C
UniProtKB	Q5ZBV7	P0518F01.17-2	part_of	GO:0009523	photosystem II	ECO:0007322	IEA	GO_REF:0000043	UniProtKB-KW:KW-0604	39947	UniProt		C
UniProtKB	Q5ZBY9	PSBW	part_of	GO:0009523	photosystem II	ECO:0000256	IEA	GO_REF:0000002	InterPro:IPR009806	39947	InterPro		C
UniProtKB	Q5ZBY9	PSBW	part_of	GO:0009523	photosystem II	ECO:0007322	IEA	GO_REF:0000043	UniProtKB-KW:KW-0604	39947	UniProt		C
UniProtKB	Q60E16	OSJNBa0004B23.7	part_of	GO:0009522	photosystem I	ECO:0000256	IEA	GO_REF:0000002	InterPro:IPR008796	39947	InterPro		C
UniProtKB	Q652C4	Os09g0481200	part_of	GO:0009522	photosystem I	ECO:0000256	IEA	GO_REF:0000002	InterPro:IPR000549|InterPro:IPR017494|InterPro:IPR023618	39947	InterPro		C
UniProtKB	Q652C4	Os09g0481200	part_of	GO:0009522	photosystem I	ECO:0007322	IEA	GO_REF:0000043	UniProtKB-KW:KW-0603	39947	UniProt		C
UniProtKB	Q69JU4	Os02g0578400	part_of	GO:0009523	photosystem II	ECO:0000256	IEA	GO_REF:0000002	InterPro:IPR008797	39947	InterPro		C
UniProtKB	Q69JU4	Os02g0578400	part_of	GO:0009654	photosystem II oxygen evolving complex	ECO:0000256	IEA	GO_REF:0000002	InterPro:IPR008797	39947	InterPro		C
UniProtKB	Q69P91	Os09g0439500	part_of	GO:0009522	photosystem I	ECO:0007322	IEA	GO_REF:0000043	UniProtKB-KW:KW-0603	39947	UniProt		C
UniProtKB	Q69P91	Os09g0439500	part_of	GO:0009523	photosystem II	ECO:0007322	IEA	GO_REF:0000043	UniProtKB-KW:KW-0604	39947	UniProt		C
UniProtKB	Q69TB3	Os09g0296800	part_of	GO:0009522	photosystem I	ECO:0007322	IEA	GO_REF:0000043	UniProtKB-KW:KW-0603	39947	UniProt		C
UniProtKB	Q69TB3	Os09g0296800	part_of	GO:0009523	photosystem II	ECO:0007322	IEA	GO_REF:0000043	UniProtKB-KW:KW-0604	39947	UniProt		C
UniProtKB	Q69VA3	Os07g0147500	part_of	GO:0009523	photosystem II	ECO:0000256	IEA	GO_REF:0000002	InterPro:IPR006814	39947	InterPro		C
UniProtKB	Q69VA3	Os07g0147500	part_of	GO:0009654	photosystem II oxygen evolving complex	ECO:0000256	IEA	GO_REF:0000002	InterPro:IPR006814	39947	InterPro		C
UniProtKB	Q69VC1	psaI	part_of	GO:0009522	photosystem I	ECO:0000256	IEA	GO_REF:0000002	InterPro:IPR001302|InterPro:IPR036357	39947	InterPro		C
UniProtKB	Q69VC1	psaI	part_of	GO:0009522	photosystem I	ECO:0007322	IEA	GO_REF:0000043	UniProtKB-KW:KW-0603	39947	UniProt		C
UniProtKB	Q69VC2	psbJ	part_of	GO:0009523	photosystem II	ECO:0000256	IEA	GO_REF:0000002	InterPro:IPR002682	39947	InterPro		C
UniProtKB	Q69VC2	psbJ	part_of	GO:0009523	photosystem II	ECO:0007322	IEA	GO_REF:0000043	UniProtKB-KW:KW-0604	39947	UniProt		C
UniProtKB	Q69VC2	psbJ	part_of	GO:0009539	photosystem II reaction center	ECO:0000256	IEA	GO_REF:0000002	InterPro:IPR002682	39947	InterPro		C
UniProtKB	Q69VC7	psaJ	part_of	GO:0009522	photosystem I	ECO:0000256	IEA	GO_REF:0000002	InterPro:IPR002615|InterPro:IPR036062	39947	InterPro		C
UniProtKB	Q69VC7	psaJ	part_of	GO:0009522	photosystem I	ECO:0007322	IEA	GO_REF:0000043	UniProtKB-KW:KW-0603	39947	UniProt		C
UniProtKB	Q69VC8	P0417D05.52	part_of	GO:0009521	photosystem	ECO:0000256	IEA	GO_REF:0000002	InterPro:IPR000932|InterPro:IPR036001	39947	InterPro		C
UniProtKB	Q69VC8	P0417D05.52	part_of	GO:0009523	photosystem II	ECO:0000256	IEA	GO_REF:0000002	InterPro:IPR017486	39947	InterPro		C
UniProtKB	Q69X64	psaI	part_of	GO:0009522	photosystem I	ECO:0000256	IEA	GO_REF:0000002	InterPro:IPR001302|InterPro:IPR036357	39947	InterPro		C
UniProtKB	Q69X64	psaI	part_of	GO:0009522	photosystem I	ECO:0007322	IEA	GO_REF:0000043	UniProtKB-KW:KW-0603	39947	UniProt		C
UniProtKB	Q6EP57	Os02g0578400	part_of	GO:0009523	photosystem II	ECO:0000256	IEA	GO_REF:0000002	InterPro:IPR008797	39947	InterPro		C
UniProtKB	Q6EP57	Os02g0578400	part_of	GO:0009654	photosystem II oxygen evolving complex	ECO:0000256	IEA	GO_REF:0000002	InterPro:IPR008797	39947	InterPro		C
UniProtKB	Q6H474	Os02g0631100	part_of	GO:0009523	photosystem II	ECO:0000256	IEA	GO_REF:0000002	InterPro:IPR008797	39947	InterPro		C
UniProtKB	Q6H474	Os02g0631100	part_of	GO:0009654	photosystem II oxygen evolving complex	ECO:0000256	IEA	GO_REF:0000002	InterPro:IPR008797	39947	InterPro		C
UniProtKB	Q6H746	Os02g0197600	part_of	GO:0009522	photosystem I	ECO:0007322	IEA	GO_REF:0000043	UniProtKB-KW:KW-0603	39947	UniProt		C
UniProtKB	Q6H746	Os02g0197600	part_of	GO:0009523	photosystem II	ECO:0007322	IEA	GO_REF:0000043	UniProtKB-KW:KW-0604	39947	UniProt		C
UniProtKB	Q6H748	Os02g0197600	part_of	GO:0009522	photosystem I	ECO:0007322	IEA	GO_REF:0000043	UniProtKB-KW:KW-0603	39947	UniProt		C
UniProtKB	Q6H748	Os02g0197600	part_of	GO:0009523	photosystem II	ECO:0007322	IEA	GO_REF:0000043	UniProtKB-KW:KW-0604	39947	UniProt		C
UniProtKB	Q6H7L3	OJ1524_D08.28-2	part_of	GO:0009522	photosystem I	ECO:0007322	IEA	GO_REF:0000043	UniProtKB-KW:KW-0603	39947	UniProt		C
UniProtKB	Q6H7L3	OJ1524_D08.28-2	part_of	GO:0009523	photosystem II	ECO:0007322	IEA	GO_REF:0000043	UniProtKB-KW:KW-0604	39947	UniProt		C
UniProtKB	Q6K453	OSJNBa0036E18.30	part_of	GO:0009523	photosystem II	ECO:0000256	IEA	GO_REF:0000002	InterPro:IPR001056|InterPro:IPR036863	39947	InterPro		C
UniProtKB	Q6K453	OSJNBa0036E18.30	part_of	GO:0009523	photosystem II	ECO:0007322	IEA	GO_REF:0000043	UniProtKB-KW:KW-0604	39947	UniProt		C
UniProtKB	Q6K454	OSJNBa0095O23.33	part_of	GO:0009523	photosystem II	ECO:0000256	IEA	GO_REF:0000002	InterPro:IPR001743	39947	InterPro		C
UniProtKB	Q6K454	OSJNBa0095O23.33	part_of	GO:0009523	photosystem II	ECO:0007322	IEA	GO_REF:0000043	UniProtKB-KW:KW-0604	39947	UniProt		C
UniProtKB	Q6K454	OSJNBa0095O23.33	part_of	GO:0009539	photosystem II reaction center	ECO:0000256	IEA	GO_REF:0000002	InterPro:IPR001743	39947	InterPro		C
UniProtKB	Q6K455	OSJNBa0095O23.32	part_of	GO:0009521	photosystem	ECO:0000256	IEA	GO_REF:0000002	InterPro:IPR000932|InterPro:IPR036001	39947	InterPro		C
UniProtKB	Q6K455	OSJNBa0095O23.32	part_of	GO:0009523	photosystem II	ECO:0000256	IEA	GO_REF:0000002	InterPro:IPR017486	39947	InterPro		C
UniProtKB	Q6SYB3	Q6SYB3	part_of	GO:0009522	photosystem I	ECO:0007322	IEA	GO_REF:0000043	UniProtKB-KW:KW-0603	39947	UniProt		C
UniProtKB	Q6SYB3	Q6SYB3	part_of	GO:0009523	photosystem II	ECO:0007322	IEA	GO_REF:0000043	UniProtKB-KW:KW-0604	39947	UniProt		C
UniProtKB	Q6YWJ7	Os08g0435900	part_of	GO:0009522	photosystem I	ECO:0007322	IEA	GO_REF:0000043	UniProtKB-KW:KW-0603	39947	UniProt		C
UniProtKB	Q6YWJ7	Os08g0435900	part_of	GO:0009523	photosystem II	ECO:0007322	IEA	GO_REF:0000043	UniProtKB-KW:KW-0604	39947	UniProt		C
UniProtKB	Q6YXJ1	B1029H08.30	part_of	GO:0009523	photosystem II	ECO:0000256	IEA	GO_REF:0000002	InterPro:IPR002683	39947	InterPro		C
UniProtKB	Q6YXJ1	B1029H08.30	part_of	GO:0009654	photosystem II oxygen evolving complex	ECO:0000256	IEA	GO_REF:0000002	InterPro:IPR002683	39947	InterPro		C
UniProtKB	Q6Z1U2	psbK	part_of	GO:0009523	photosystem II	ECO:0000256	IEA	GO_REF:0000002	InterPro:IPR003687	39947	InterPro		C
UniProtKB	Q6Z1U2	psbK	part_of	GO:0009523	photosystem II	ECO:0007322	IEA	GO_REF:0000043	UniProtKB-KW:KW-0604	39947	UniProt		C
UniProtKB	Q6Z1U2	psbK	part_of	GO:0009539	photosystem II reaction center	ECO:0000256	IEA	GO_REF:0000002	InterPro:IPR003687	39947	InterPro		C
UniProtKB	Q6Z1U4	OSJNBa0022A24.62	part_of	GO:0009523	photosystem II	ECO:0000256	IEA	GO_REF:0000002	InterPro:IPR005868	39947	InterPro		C
UniProtKB	Q6Z1U4	OSJNBa0022A24.62	part_of	GO:0009523	photosystem II	ECO:0007322	IEA	GO_REF:0000043	UniProtKB-KW:KW-0604	39947	UniProt		C
UniProtKB	Q6Z1U5	OSJNBa0022A24.61	part_of	GO:0009521	photosystem	ECO:0000256	IEA	GO_REF:0000002	InterPro:IPR000932|InterPro:IPR036001	39947	InterPro		C
UniProtKB	Q6Z1U5	OSJNBa0022A24.61	part_of	GO:0009523	photosystem II	ECO:0000256	IEA	GO_REF:0000002	InterPro:IPR005869	39947	InterPro		C
UniProtKB	Q6Z1U5	OSJNBa0022A24.61	part_of	GO:0009523	photosystem II	ECO:0007322	IEA	GO_REF:0000043	UniProtKB-KW:KW-0604	39947	UniProt		C
UniProtKB	Q6Z1V1	OSJNBa0022A24.49	part_of	GO:0009522	photosystem I	ECO:0000256	IEA	GO_REF:0000002	InterPro:IPR003359	39947	InterPro		C
UniProtKB	Q6Z1V4	psbL	part_of	GO:0009523	photosystem II	ECO:0000256	IEA	GO_REF:0000002	InterPro:IPR003372	39947	InterPro		C
UniProtKB	Q6Z1V4	psbL	part_of	GO:0009523	photosystem II	ECO:0007322	IEA	GO_REF:0000043	UniProtKB-KW:KW-0604	39947	UniProt		C
UniProtKB	Q6Z1V4	psbL	part_of	GO:0009539	photosystem II reaction center	ECO:0000256	IEA	GO_REF:0000002	InterPro:IPR003372	39947	InterPro		C
UniProtKB	Q6Z1V5	psbF	part_of	GO:0009523	photosystem II	ECO:0000256	IEA	GO_REF:0000002	InterPro:IPR006216|InterPro:IPR006241	39947	InterPro		C
UniProtKB	Q6Z1V5	psbF	part_of	GO:0009523	photosystem II	ECO:0007322	IEA	GO_REF:0000043	UniProtKB-KW:KW-0604	39947	UniProt		C
UniProtKB	Q6Z1V5	psbF	part_of	GO:0009539	photosystem II reaction center	ECO:0000256	IEA	GO_REF:0000002	InterPro:IPR006216|InterPro:IPR006241	39947	InterPro		C
UniProtKB	Q6Z3F9	Os08g0553800	part_of	GO:0009523	photosystem II	ECO:0007322	IEA	GO_REF:0000043	UniProtKB-KW:KW-0604	39947	UniProt		C
UniProtKB	Q6Z3V7	OsJ_24033	part_of	GO:0009522	photosystem I	ECO:0000256	IEA	GO_REF:0000002	InterPro:IPR003375	39947	InterPro		C
UniProtKB	Q6Z3V7	OsJ_24033	part_of	GO:0009522	photosystem I	ECO:0007322	IEA	GO_REF:0000043	UniProtKB-KW:KW-0603	39947	UniProt		C
UniProtKB	Q6Z3V7	OsJ_24033	part_of	GO:0009538	photosystem I reaction center	ECO:0000256	IEA	GO_REF:0000002	InterPro:IPR003375	39947	InterPro		C
UniProtKB	Q6Z411	RCABP69	part_of	GO:0009522	photosystem I	ECO:0007322	IEA	GO_REF:0000043	UniProtKB-KW:KW-0603	39947	UniProt		C
UniProtKB	Q6Z411	RCABP69	part_of	GO:0009523	photosystem II	ECO:0007322	IEA	GO_REF:0000043	UniProtKB-KW:KW-0604	39947	UniProt		C
UniProtKB	Q6Z506	psbH	part_of	GO:0009523	photosystem II	ECO:0000256	IEA	GO_REF:0000002	InterPro:IPR001056|InterPro:IPR036863	39947	InterPro		C
UniProtKB	Q6Z506	psbH	part_of	GO:0009523	photosystem II	ECO:0007322	IEA	GO_REF:0000043	UniProtKB-KW:KW-0604	39947	UniProt		C
UniProtKB	Q6Z7Q1	Os02g0764500	part_of	GO:0009522	photosystem I	ECO:0007322	IEA	GO_REF:0000043	UniProtKB-KW:KW-0603	39947	UniProt		C
UniProtKB	Q6Z7Q1	Os02g0764500	part_of	GO:0009523	photosystem II	ECO:0007322	IEA	GO_REF:0000043	UniProtKB-KW:KW-0604	39947	UniProt		C
UniProtKB	Q6Z7Q1	Os02g0764500	part_of	GO:0009782	photosystem I antenna complex	ECO:0000265	IEA	GO_REF:0000107	UniProtKB:Q9C639|araport11:AT1G45474.2	39947	EnsemblPlants		C
UniProtKB	Q6Z8N7	Os08g0512500	part_of	GO:0009523	photosystem II	ECO:0000256	IEA	GO_REF:0000002	InterPro:IPR002683	39947	InterPro		C
UniProtKB	Q6Z8N7	Os08g0512500	part_of	GO:0009654	photosystem II oxygen evolving complex	ECO:0000256	IEA	GO_REF:0000002	InterPro:IPR002683	39947	InterPro		C
UniProtKB	Q6ZBV1	Os08g0200300	part_of	GO:0009523	photosystem II	ECO:0000256	IEA	GO_REF:0000002	InterPro:IPR006814	39947	InterPro		C
UniProtKB	Q6ZBV1	Os08g0200300	part_of	GO:0009654	photosystem II oxygen evolving complex	ECO:0000256	IEA	GO_REF:0000002	InterPro:IPR006814	39947	InterPro		C
UniProtKB	Q6ZDL1	P0404D10.17	part_of	GO:0009523	photosystem II	ECO:0000256	IEA	GO_REF:0000002	InterPro:IPR002683	39947	InterPro		C
UniProtKB	Q6ZDL1	P0404D10.17	part_of	GO:0009654	photosystem II oxygen evolving complex	ECO:0000256	IEA	GO_REF:0000002	InterPro:IPR002683	39947	InterPro		C
UniProtKB	Q6ZF30	Os07g0562700	part_of	GO:0009522	photosystem I	ECO:0007322	IEA	GO_REF:0000043	UniProtKB-KW:KW-0603	39947	UniProt		C
UniProtKB	Q6ZF30	Os07g0562700	part_of	GO:0009523	photosystem II	ECO:0007322	IEA	GO_REF:0000043	UniProtKB-KW:KW-0604	39947	UniProt		C
UniProtKB	Q6ZF34	P0406F06.4	part_of	GO:0009523	photosystem II	ECO:0000256	IEA	GO_REF:0000002	InterPro:IPR006216|InterPro:IPR006241	39947	InterPro		C
UniProtKB	Q6ZF34	P0406F06.4	part_of	GO:0009523	photosystem II	ECO:0007322	IEA	GO_REF:0000043	UniProtKB-KW:KW-0604	39947	UniProt		C
UniProtKB	Q6ZF34	P0406F06.4	part_of	GO:0009539	photosystem II reaction center	ECO:0000256	IEA	GO_REF:0000002	InterPro:IPR006216|InterPro:IPR006241	39947	InterPro		C
UniProtKB	Q6ZF71	P0022E03.16	part_of	GO:0009523	photosystem II	ECO:0000256	IEA	GO_REF:0000002	InterPro:IPR006814	39947	InterPro		C
UniProtKB	Q6ZF71	P0022E03.16	part_of	GO:0009654	photosystem II oxygen evolving complex	ECO:0000256	IEA	GO_REF:0000002	InterPro:IPR006814	39947	InterPro		C
UniProtKB	Q6ZJ41	Os08g0119800	part_of	GO:0009523	photosystem II	ECO:0000256	IEA	GO_REF:0000002	InterPro:IPR009388|InterPro:IPR038760	39947	InterPro		C
UniProtKB	Q6ZJ41	Os08g0119800	part_of	GO:0009523	photosystem II	ECO:0007322	IEA	GO_REF:0000043	UniProtKB-KW:KW-0604	39947	UniProt		C
UniProtKB	Q6ZL95	Os07g0577600	part_of	GO:0009522	photosystem I	ECO:0007322	IEA	GO_REF:0000043	UniProtKB-KW:KW-0603	39947	UniProt		C
UniProtKB	Q6ZL95	Os07g0577600	part_of	GO:0009523	photosystem II	ECO:0007322	IEA	GO_REF:0000043	UniProtKB-KW:KW-0604	39947	UniProt		C
UniProtKB	Q7EXX2	P0470D12.144	part_of	GO:0009523	photosystem II	ECO:0000256	IEA	GO_REF:0000002	InterPro:IPR009518	39947	InterPro		C
UniProtKB	Q7EXX2	P0470D12.144	part_of	GO:0009523	photosystem II	ECO:0007322	IEA	GO_REF:0000043	UniProtKB-KW:KW-0604	39947	UniProt		C
UniProtKB	Q7F2L7	psbE	part_of	GO:0009523	photosystem II	ECO:0000256	IEA	GO_REF:0000002	InterPro:IPR006216|InterPro:IPR006217|InterPro:IPR013082|InterPro:IPR037025	39947	InterPro		C
UniProtKB	Q7F2L7	psbE	part_of	GO:0009523	photosystem II	ECO:0007322	IEA	GO_REF:0000043	UniProtKB-KW:KW-0604	39947	UniProt		C
UniProtKB	Q7F2L7	psbE	part_of	GO:0009539	photosystem II reaction center	ECO:0000256	IEA	GO_REF:0000002	InterPro:IPR006216	39947	InterPro		C
UniProtKB	Q7F4S9	ycf4	part_of	GO:0009522	photosystem I	ECO:0000256	IEA	GO_REF:0000002	InterPro:IPR003359	39947	InterPro		C
UniProtKB	Q7F4T1	psbD	part_of	GO:0009523	photosystem II	ECO:0000256	IEA	GO_REF:0000002	InterPro:IPR005868	39947	InterPro		C
UniProtKB	Q7F4T1	psbD	part_of	GO:0009523	photosystem II	ECO:0007322	IEA	GO_REF:0000043	UniProtKB-KW:KW-0604	39947	UniProt		C
UniProtKB	Q7F5Z9	B1065E10.6	part_of	GO:0009523	photosystem II	ECO:0000256	IEA	GO_REF:0000002	InterPro:IPR006216|InterPro:IPR006217|InterPro:IPR013082|InterPro:IPR037025	39947	InterPro		C
UniProtKB	Q7F5Z9	B1065E10.6	part_of	GO:0009523	photosystem II	ECO:0007322	IEA	GO_REF:0000043	UniProtKB-KW:KW-0604	39947	UniProt		C
UniProtKB	Q7F5Z9	B1065E10.6	part_of	GO:0009539	photosystem II reaction center	ECO:0000256	IEA	GO_REF:0000002	InterPro:IPR006216	39947	InterPro		C
UniProtKB	Q7G2Q2	LOC_Os10g32400	part_of	GO:0009523	photosystem II	ECO:0000256	IEA	GO_REF:0000002	InterPro:IPR002683	39947	InterPro		C
UniProtKB	Q7G2Q2	LOC_Os10g32400	part_of	GO:0009654	photosystem II oxygen evolving complex	ECO:0000256	IEA	GO_REF:0000002	InterPro:IPR002683	39947	InterPro		C
UniProtKB	Q7G3E9	OSJNAb0075K12.30	part_of	GO:0009521	photosystem	ECO:0000256	IEA	GO_REF:0000002	InterPro:IPR000932|InterPro:IPR036001	39947	InterPro		C
UniProtKB	Q7G3H9	OSJNBb0075K12.15	part_of	GO:0009523	photosystem II	ECO:0007322	IEA	GO_REF:0000043	UniProtKB-KW:KW-0604	39947	UniProt		C
UniProtKB	Q7G678	psbM	part_of	GO:0009523	photosystem II	ECO:0000256	IEA	GO_REF:0000002	InterPro:IPR007826	39947	InterPro		C
UniProtKB	Q7G678	psbM	part_of	GO:0009523	photosystem II	ECO:0007322	IEA	GO_REF:0000043	UniProtKB-KW:KW-0604	39947	UniProt		C
UniProtKB	Q7G688	OSJNAb0075K12.27	part_of	GO:0009522	photosystem I	ECO:0000256	IEA	GO_REF:0000002	InterPro:IPR001302|InterPro:IPR036357	39947	InterPro		C
UniProtKB	Q7G688	OSJNAb0075K12.27	part_of	GO:0009522	photosystem I	ECO:0007322	IEA	GO_REF:0000043	UniProtKB-KW:KW-0603	39947	UniProt		C
UniProtKB	Q7G6A4	LOC_Os10g21310	part_of	GO:0009521	photosystem	ECO:0000256	IEA	GO_REF:0000002	InterPro:IPR000932|InterPro:IPR036001	39947	InterPro		C
UniProtKB	Q7G7B9	OSJNBb0075K12.26	part_of	GO:0009523	photosystem II	ECO:0000256	IEA	GO_REF:0000002	InterPro:IPR007826	39947	InterPro		C
UniProtKB	Q7G7B9	OSJNBb0075K12.26	part_of	GO:0009523	photosystem II	ECO:0007322	IEA	GO_REF:0000043	UniProtKB-KW:KW-0604	39947	UniProt		C
UniProtKB	Q7XCI7	LOC_Os10g39880	part_of	GO:0009523	photosystem II	ECO:0007322	IEA	GO_REF:0000043	UniProtKB-KW:KW-0604	39947	UniProt		C
UniProtKB	Q7XK09	OSJNBa0061C08.9	part_of	GO:0009521	photosystem	ECO:0000256	IEA	GO_REF:0000002	InterPro:IPR000932|InterPro:IPR036001	39947	InterPro		C
UniProtKB	Q7XK09	OSJNBa0061C08.9	part_of	GO:0009523	photosystem II	ECO:0007322	IEA	GO_REF:0000043	UniProtKB-KW:KW-0604	39947	UniProt		C
UniProtKB	Q7XK10	LOC_Os10g38229	part_of	GO:0009522	photosystem I	ECO:0007322	IEA	GO_REF:0000043	UniProtKB-KW:KW-0603	39947	UniProt		C
UniProtKB	Q7XKG5	Os04g0523000	part_of	GO:0009523	photosystem II	ECO:0000256	IEA	GO_REF:0000002	InterPro:IPR008797	39947	InterPro		C
UniProtKB	Q7XKG5	Os04g0523000	part_of	GO:0009654	photosystem II oxygen evolving complex	ECO:0000256	IEA	GO_REF:0000002	InterPro:IPR008797	39947	InterPro		C
UniProtKB	Q7XKG6	OSJNBb0065J09.3	part_of	GO:0009523	photosystem II	ECO:0000256	IEA	GO_REF:0000002	InterPro:IPR008797	39947	InterPro		C
UniProtKB	Q7XKG6	OSJNBb0065J09.3	part_of	GO:0009654	photosystem II oxygen evolving complex	ECO:0000256	IEA	GO_REF:0000002	InterPro:IPR008797	39947	InterPro		C
UniProtKB	Q7XM78	OSJNBa0079C19.2	part_of	GO:0009523	photosystem II	ECO:0007322	IEA	GO_REF:0000043	UniProtKB-KW:KW-0604	39947	UniProt		C
UniProtKB	Q7XRS8	OSJNBa0061C08.4	part_of	GO:0009523	photosystem II	ECO:0007322	IEA	GO_REF:0000043	UniProtKB-KW:KW-0604	39947	UniProt		C
UniProtKB	Q7XUS9	Os04g0434900	part_of	GO:0009523	photosystem II	ECO:0000256	IEA	GO_REF:0000002	InterPro:IPR002683	39947	InterPro		C
UniProtKB	Q7XUS9	Os04g0434900	part_of	GO:0009654	photosystem II oxygen evolving complex	ECO:0000256	IEA	GO_REF:0000002	InterPro:IPR002683	39947	InterPro		C
UniProtKB	Q7XV11	Os04g0457000	part_of	GO:0009522	photosystem I	ECO:0007322	IEA	GO_REF:0000043	UniProtKB-KW:KW-0603	39947	UniProt		C
UniProtKB	Q7XV11	Os04g0457000	part_of	GO:0009523	photosystem II	ECO:0007322	IEA	GO_REF:0000043	UniProtKB-KW:KW-0604	39947	UniProt		C
UniProtKB	Q84PB4	Os08g0560900	part_of	GO:0009522	photosystem I	ECO:0000256	IEA	GO_REF:0000002	InterPro:IPR003685|InterPro:IPR036579	39947	InterPro		C
UniProtKB	Q84PB4	Os08g0560900	part_of	GO:0009522	photosystem I	ECO:0007322	IEA	GO_REF:0000043	UniProtKB-KW:KW-0603	39947	UniProt		C
UniProtKB	Q84PB4	Os08g0560900	part_of	GO:0009538	photosystem I reaction center	ECO:0000256	IEA	GO_REF:0000002	InterPro:IPR003685|InterPro:IPR036579	39947	InterPro		C
UniProtKB	Q84PB4	Os08g0560900	part_of	GO:0009538	photosystem I reaction center	ECO:0000256	IEA	GO_REF:0000104	UniRule:UR001591757	39947	UniProt		C
UniProtKB	Q84PB5	Os07g0148900	part_of	GO:0009522	photosystem I	ECO:0000256	IEA	GO_REF:0000002	InterPro:IPR000549|InterPro:IPR023618|InterPro:IPR035982	39947	InterPro		C
UniProtKB	Q84PB5	Os07g0148900	part_of	GO:0009522	photosystem I	ECO:0007322	IEA	GO_REF:0000043	UniProtKB-KW:KW-0603	39947	UniProt		C
UniProtKB	Q8GTK4	Os07g0141400	part_of	GO:0009523	photosystem II	ECO:0000256	IEA	GO_REF:0000002	InterPro:IPR002683	39947	InterPro		C
UniProtKB	Q8GTK4	Os07g0141400	part_of	GO:0009523	photosystem II	ECO:0007322	IEA	GO_REF:0000043	UniProtKB-KW:KW-0604	39947	UniProt		C
UniProtKB	Q8GTK4	Os07g0141400	part_of	GO:0009654	photosystem II oxygen evolving complex	ECO:0000256	IEA	GO_REF:0000002	InterPro:IPR002683	39947	InterPro		C
UniProtKB	Q8H452	Os07g0673550	part_of	GO:0009523	photosystem II	ECO:0000256	IEA	GO_REF:0000002	InterPro:IPR009518	39947	InterPro		C
UniProtKB	Q8H452	Os07g0673550	part_of	GO:0009523	photosystem II	ECO:0007322	IEA	GO_REF:0000043	UniProtKB-KW:KW-0604	39947	UniProt		C
UniProtKB	Q8H4P7	OJ1470_H06.117	part_of	GO:0009523	photosystem II	ECO:0000256	IEA	GO_REF:0000002	InterPro:IPR006814	39947	InterPro		C
UniProtKB	Q8H4P7	OJ1470_H06.117	part_of	GO:0009654	photosystem II oxygen evolving complex	ECO:0000256	IEA	GO_REF:0000002	InterPro:IPR006814	39947	InterPro		C
UniProtKB	Q8L472	P0617C02.114	part_of	GO:0009523	photosystem II	ECO:0000256	IEA	GO_REF:0000002	InterPro:IPR008797	39947	InterPro		C
UniProtKB	Q8L472	P0617C02.114	part_of	GO:0009654	photosystem II oxygen evolving complex	ECO:0000256	IEA	GO_REF:0000002	InterPro:IPR008797	39947	InterPro		C
UniProtKB	Q8L4D9	OSJNBa0042E19.2	part_of	GO:0009523	photosystem II	ECO:0000256	IEA	GO_REF:0000002	InterPro:IPR002683	39947	InterPro		C
UniProtKB	Q8L4D9	OSJNBa0042E19.2	part_of	GO:0009654	photosystem II oxygen evolving complex	ECO:0000256	IEA	GO_REF:0000002	InterPro:IPR002683	39947	InterPro		C
UniProtKB	Q8S1Q4	psaA	part_of	GO:0009522	photosystem I	ECO:0007322	IEA	GO_REF:0000043	UniProtKB-KW:KW-0603	39947	UniProt		C
UniProtKB	Q8S6F6	OSJNBb0075K12.35	part_of	GO:0009522	photosystem I	ECO:0007322	IEA	GO_REF:0000043	UniProtKB-KW:KW-0603	39947	UniProt		C
UniProtKB	Q8S6F7	OSJNBb0075K12.34	part_of	GO:0009522	photosystem I	ECO:0000256	IEA	GO_REF:0000002	InterPro:IPR006244	39947	InterPro		C
UniProtKB	Q8S6F7	OSJNBb0075K12.34	part_of	GO:0009522	photosystem I	ECO:0007322	IEA	GO_REF:0000043	UniProtKB-KW:KW-0603	39947	UniProt		C
UniProtKB	Q8S6G4	OSJNBb0075K12.23	part_of	GO:0009523	photosystem II	ECO:0000256	IEA	GO_REF:0000002	InterPro:IPR002644|InterPro:IPR036512	39947	InterPro		C
UniProtKB	Q8S6G4	OSJNBb0075K12.23	part_of	GO:0009523	photosystem II	ECO:0007322	IEA	GO_REF:0000043	UniProtKB-KW:KW-0604	39947	UniProt		C
UniProtKB	Q8S6G4	OSJNBb0075K12.23	part_of	GO:0009539	photosystem II reaction center	ECO:0000256	IEA	GO_REF:0000002	InterPro:IPR002644|InterPro:IPR036512	39947	InterPro		C
UniProtKB	Q8S6G5	OSJNBb0075K12.22	part_of	GO:0009521	photosystem	ECO:0000256	IEA	GO_REF:0000002	InterPro:IPR000932|InterPro:IPR036001	39947	InterPro		C
UniProtKB	Q8S6G5	OSJNBb0075K12.22	part_of	GO:0009523	photosystem II	ECO:0000256	IEA	GO_REF:0000002	InterPro:IPR005869	39947	InterPro		C
UniProtKB	Q8S6G5	OSJNBb0075K12.22	part_of	GO:0009523	photosystem II	ECO:0007322	IEA	GO_REF:0000043	UniProtKB-KW:KW-0604	39947	UniProt		C
UniProtKB	Q8S6G7	OSJNBb0075K12.19	part_of	GO:0009523	photosystem II	ECO:0000256	IEA	GO_REF:0000002	InterPro:IPR003686	39947	InterPro		C
UniProtKB	Q8S6G7	OSJNBb0075K12.19	part_of	GO:0009523	photosystem II	ECO:0007322	IEA	GO_REF:0000043	UniProtKB-KW:KW-0604	39947	UniProt		C
UniProtKB	Q8S6G7	OSJNBb0075K12.19	part_of	GO:0009539	photosystem II reaction center	ECO:0000256	IEA	GO_REF:0000002	InterPro:IPR003686	39947	InterPro		C
UniProtKB	Q8S6G8	OSJNBb0075K12.18	part_of	GO:0009523	photosystem II	ECO:0000256	IEA	GO_REF:0000002	InterPro:IPR003687	39947	InterPro		C
UniProtKB	Q8S6G8	OSJNBb0075K12.18	part_of	GO:0009523	photosystem II	ECO:0007322	IEA	GO_REF:0000043	UniProtKB-KW:KW-0604	39947	UniProt		C
UniProtKB	Q8S6G8	OSJNBb0075K12.18	part_of	GO:0009539	photosystem II reaction center	ECO:0000256	IEA	GO_REF:0000002	InterPro:IPR003687	39947	InterPro		C
UniProtKB	Q8S6H1	LOC_Os10g21200	part_of	GO:0009523	photosystem II	ECO:0007322	IEA	GO_REF:0000043	UniProtKB-KW:KW-0604	39947	UniProt		C
UniProtKB	Q8S7D4	OSJNBa0057L21.20	part_of	GO:0009523	photosystem II	ECO:0000256	IEA	GO_REF:0000002	InterPro:IPR003687	39947	InterPro		C
UniProtKB	Q8S7D4	OSJNBa0057L21.20	part_of	GO:0009523	photosystem II	ECO:0007322	IEA	GO_REF:0000043	UniProtKB-KW:KW-0604	39947	UniProt		C
UniProtKB	Q8S7D4	OSJNBa0057L21.20	part_of	GO:0009539	photosystem II reaction center	ECO:0000256	IEA	GO_REF:0000002	InterPro:IPR003687	39947	InterPro		C
UniProtKB	Q8S7H8	LOC_Os03g56670	part_of	GO:0009522	photosystem I	ECO:0000256	IEA	GO_REF:0000002	InterPro:IPR003666|InterPro:IPR036577	39947	InterPro		C
UniProtKB	Q8S7H8	LOC_Os03g56670	part_of	GO:0009522	photosystem I	ECO:0007322	IEA	GO_REF:0000043	UniProtKB-KW:KW-0603	39947	UniProt		C
UniProtKB	Q8S7H8	LOC_Os03g56670	part_of	GO:0009538	photosystem I reaction center	ECO:0000256	IEA	GO_REF:0000002	InterPro:IPR003666|InterPro:IPR036577	39947	InterPro		C
UniProtKB	Q8S7H8	LOC_Os03g56670	part_of	GO:0009538	photosystem I reaction center	ECO:0000256	IEA	GO_REF:0000104	UniRule:UR001591760	39947	UniProt		C
UniProtKB	Q8S7T3	OSJNBb0005J14.16	part_of	GO:0009522	photosystem I	ECO:0007322	IEA	GO_REF:0000043	UniProtKB-KW:KW-0603	39947	UniProt		C
UniProtKB	Q8S7T4	OSJNBb0005J14.17	part_of	GO:0009522	photosystem I	ECO:0000256	IEA	GO_REF:0000002	InterPro:IPR006244	39947	InterPro		C
UniProtKB	Q8S7T4	OSJNBb0005J14.17	part_of	GO:0009522	photosystem I	ECO:0007322	IEA	GO_REF:0000043	UniProtKB-KW:KW-0603	39947	UniProt		C
UniProtKB	Q8W0E6	Os01g0720500	part_of	GO:0009522	photosystem I	ECO:0007322	IEA	GO_REF:0000043	UniProtKB-KW:KW-0603	39947	UniProt		C
UniProtKB	Q8W0E6	Os01g0720500	part_of	GO:0009523	photosystem II	ECO:0007322	IEA	GO_REF:0000043	UniProtKB-KW:KW-0604	39947	UniProt		C
UniProtKB	Q943K1	PSBS1	part_of	GO:0009523	photosystem II	ECO:0007322	IEA	GO_REF:0000043	UniProtKB-KW:KW-0604	39947	UniProt		C
UniProtKB	Q943W1	Os01g0501800	part_of	GO:0009523	photosystem II	ECO:0007322	IEA	GO_REF:0000043	UniProtKB-KW:KW-0604	39947	UniProt		C
UniProtKB	Q943W1	Os01g0501800	part_of	GO:0009654	photosystem II oxygen evolving complex	ECO:0000256	IEA	GO_REF:0000002	InterPro:IPR002628	39947	InterPro		C
UniProtKB	Q94GQ8	OJ1124_H03.3	part_of	GO:0009523	photosystem II	ECO:0000256	IEA	GO_REF:0000002	InterPro:IPR025585	39947	InterPro		C
UniProtKB	Q9AV32	OSJNBa0001O14.9	part_of	GO:0009523	photosystem II	ECO:0007322	IEA	GO_REF:0000043	UniProtKB-KW:KW-0604	39947	UniProt		C
